Creature,CR,Category,Size,Type,Tag,SC,AL,Caster Level,Caster Type,AC,HP,#,d,adjustment,walk,burrow,climb,fly,swim,Str,Dex,Con,Int,Wis,Cha,MM,PHB,DMG,LMP,HDQ,ROT,POA,Basic,SRD,HDQ,ROT,DDEN1,DDEX1,POA,DDEN2,DDEX2,DDEN3,DDEX3
Aarakocra,0.25,Monster,Medium,Humanoid,Aarakocra,,NG,,,12,13,3,8,,20,,,50,,10,14,10,11,12,11,12,,,,,,,,,,,,,6,,13:34,,
Aboleth,10,Monster,Large,Aberration,,,LE,,,17,135,18,10,36,10,,,,40,21,9,15,18,15,18,13,,,,,,,,264,,,,,6,,,,
Abominable Yeti,9,Monster,Huge,Monstrosity,,,CE,,,15,137,11,12,66,40,,40,,,24,10,22,9,13,9,306,,,,,,,,,,,,,,,,,
Acolyte,0.25,NPC,Medium,Humanoid,Any,,Any,1,C,10,9,2,8,,30,,,,,10,10,10,10,14,11,342,,,,,,,53,390,4,,,4:21,,,11:21,,
Adult Black Dragon,14,Monster,Huge,Dragon,,,CE,,,19,195,17,12,85,40,,,80,40,23,14,21,14,13,17,88,,,,,,,,284,,,,,7,,,,
Adult Blue Dracolich,17,Monster,Huge,Undead,,,LE,,,19,225,18,12,108,40,30,,80,,25,10,23,16,15,19,84,,,,,,,,,,,,,,,,,
Adult Blue Dragon,16,Monster,Huge,Dragon,,,LE,,,19,225,18,12,108,40,30,,80,,25,10,23,16,15,19,91,,,,,,,,286,4,4,,,,,,,
Adult Brass Dragon,13,Monster,Huge,Dragon,,,CG,,,18,172,15,12,75,40,30,,80,,23,10,21,14,13,17,105,,,,,,,,294,,,,,,,,,
Adult Bronze Dragon,15,Monster,Huge,Dragon,,,LG,,,19,212,17,12,102,40,,,80,40,25,10,23,16,15,19,108,,,,,,,,297,,,,,7,,,,
Adult Copper Dragon,14,Monster,Huge,Dragon,,,CG,,,18,184,16,12,80,40,,40,80,,23,12,21,18,15,17,111,,,,,,,,299,,,,,,,,,
Adult Gold Dragon,17,Monster,Huge,Dragon,,,LG,,,19,256,19,12,133,40,,,80,40,27,14,25,16,15,24,114,,,,,,,,302,,,,,,,,,
Adult Green Dragon,15,Monster,Huge,Dragon,,,LE,,,19,207,18,12,90,40,,,80,40,23,12,21,18,15,17,94,,,,,,,,288,,4,,14:23,,,,,
Adult Red Dragon,17,Monster,Huge,Dragon,,,CE,,,19,256,19,12,133,40,,40,80,,27,10,25,16,13,21,98,,,,,,,8,290,,,,,,,,,
Adult Silver Dragon,16,Monster,Huge,Dragon,,,LG,,,19,243,18,12,126,40,,,80,,27,10,25,16,13,21,117,,,,,,,,305,,,,,,,,,
Adult White Dragon,13,Monster,Huge,Dragon,,,CE,,,18,200,16,12,96,40,30,,80,40,22,10,22,8,12,12,101,,,,,,,,292,5,5,,,,,,,
Aerisi Kalinoth,7,NPC,Medium,Humanoid,Elf,,NE,12,W,13,66,12,8,12,30,,,,,8,16,12,17,10,16,,,,,,,193,,,,,,,,,,,
Aerisi Kalinoth (in lair),9,NPC,Medium,Humanoid,Elf,,NE,12,W,13,66,12,8,12,30,,,,,8,16,12,17,10,16,,,,,,,193,,,,,,,,,,,
Air Elemental,5,Monster,Large,Elemental,,,N,,,15,90,12,10,24,0,,,90,,14,20,14,6,10,6,124,,,,,,,8,308,5,5,,,,,"6:33, 9:55, 13:31",,
Air Elemental Myrmidon,7,Monster,Medium,Elemental,,,N,,,18,117,18,8,36,30,,,30,,18,14,14,9,10,10,,,,,,,212,,,,,,,,,13:37,,
Allosaurus,2,Monster,Large,Beast,Dinosaur,,U,,,13,51,6,10,18,60,,,,,19,13,17,2,12,5,79,,,,,,,8,,,,,,,,,,
Ambush Drake,0.5,Monster,Medium,Dragon,,,U,,,13,22,4,6,8,30,,,,,13,15,14,4,11,6,,,,,88,,,,,,,36,,,,,,
Ancient Black Dragon,21,Monster,Gargantuan,Dragon,,,CE,,,22,367,21,20,147,40,,,80,40,27,14,25,16,15,19,87,,,,,,,,283,,,,,,,,,
Ancient Blue Dragon,23,Monster,Gargantuan,Dragon,,,LE,,,22,481,26,20,208,40,40,,80,,29,10,27,18,17,21,90,,,,,,,,285,,,,,,,,,
Ancient Brass Dragon,20,Monster,Gargantuan,Dragon,,,CG,,,20,297,17,20,119,40,40,,80,,27,10,25,16,15,19,104,,,,,,,,293,,,,,,,,,
Ancient Bronze Dragon,22,Monster,Gargantuan,Dragon,,,LG,,,22,444,24,20,192,40,,,80,40,29,10,27,18,17,21,107,,,,,,,,296,,,,,,,,,
Ancient Copper Dragon,21,Monster,Gargantuan,Dragon,,,CG,,,21,350,20,20,140,40,,40,80,,27,12,25,20,17,19,110,,,,,,,,298,,,,,,,,,
Ancient Gold Dragon,24,Monster,Gargantuan,Dragon,,,LG,,,22,546,28,20,252,40,,,80,40,30,14,29,18,17,28,113,,,,,,,,301,,,,,,,,,
Ancient Green Dragon,22,Monster,Gargantuan,Dragon,,,LE,,,21,385,22,20,154,40,,,80,40,27,12,25,20,17,19,93,,,,,,,,287,,,,,,,,,
Ancient Red Dragon,24,Monster,Gargantuan,Dragon,,,CE,,,22,546,28,20,252,40,,40,80,,30,10,29,18,15,23,97,,,,,,,,289,,,,,,,,,
Ancient Silver Dragon,23,Monster,Gargantuan,Dragon,,,LG,,,22,487,25,20,225,40,,,80,,30,10,29,18,15,23,116,,,,,,,,304,,,,,,,,,
Ancient White Dragon,20,Monster,Gargantuan,Dragon,,,CE,,,20,333,18,20,144,40,40,,80,40,26,10,26,10,13,14,100,,,,,,,,291,,,,,,,,,
Androsphinx,17,Monster,Large,Monstrosity,,,LN,12,C,17,199,19,10,95,40,,,60,,22,10,20,16,18,23,281,,,,,,,,350,,,,,,,,,
Animated Armor,1,Monster,Medium,Construct,,,U,,,18,33,6,8,6,25,,,,,14,11,13,1,3,1,19,,,,,,,8,266,,6,,"2:24, 11:33",,,5:25,,
Ankheg,2,Monster,Large,Monstrosity,,,U,,,14,39,6,10,6,30,10,,,,17,11,13,1,13,6,21,,,,,,,,267,,,,,8,,1:25,,
Ankylosaurus,3,Monster,Huge,Beast,Dinosaur,,U,,,15,68,8,12,16,30,,,,,19,11,15,2,12,5,79,,,,,,,10,,,,,,,,,,
Ape,0.5,Creature,Medium,Beast,,,U,,,12,19,3,8,6,30,,30,,,16,14,14,6,12,7,317,,,,,,,10,361,,,,,,,,,
Aquatic Elf,0.5,Monster,Medium,Humanoid,Elf,,CG,,,13,16,3,8,3,30,,,,30,11,16,12,11,13,11,,,,,,,,,,,,,,,,12:21,,
Arcanaloth,12,Monster,Medium,Fiend,Yugoloth,,NE,16,W,17,104,16,8,32,30,,,30,,17,12,14,20,16,17,313,,,,,,,,,,,,,,,,,4:47
Archmage,12,NPC,Medium,Humanoid,Any,,Any,18,W,12,99,18,8,18,30,,,,,10,14,12,20,15,16,342,,,,,,,,390,,,,,,,,,4:45
Assassin,8,NPC,Medium,Humanoid,Any,,!G,,,15,78,12,8,24,30,,,,,11,16,14,13,11,10,343,,,,,,,,391,6,6,,,8,,,,
Avatar of Death,-,Monster,Medium,Undead,,,NE,,,20,*,,,,60,,,60,,16,16,16,16,16,16,,,164,,,,,,221,,,,,,,,,
Awakened Shrub,0,Creature,Small,Plant,,,U,,,9,10,3,6,,20,,,,,3,8,11,10,10,6,317,,,,,,,10,361,,,,,,,,,
Awakened Tree,2,Creature,Huge,Plant,,,U,,,13,59,7,12,14,20,,,,,19,6,15,10,10,7,317,,,,,,,10,361,,7,,12:25,,,,,7:29
Axe Beak,0.25,Creature,Large,Beast,,,U,,,11,19,3,10,3,50,,,,,14,12,12,2,10,5,317,,,,,,,11,361,,,,,,,6:33,,
Azbara Jos,4,NPC,Medium,Humanoid,Human,,LE,6,W,13,39,6,8,12,30,,,,,9,16,14,16,13,11,,,,,88,,,,,,,,,,,,,
Azer,2,Monster,Medium,Elemental,,,LN,,,17,39,6,8,12,30,,,,,17,12,15,12,13,10,22,,,,,,,,268,,,,,9,,2:25,,
Baboon,0,Creature,Small,Beast,,,U,,,12,3,1,6,,30,,30,,,8,14,11,4,12,6,318,,,,,,,11,362,,,,,,,,,
Badger,0,Creature,Tiny,Beast,,,U,,,10,3,1,4,1,20,5,,,,4,11,12,2,12,5,318,,,,,,,11,362,,,,,,,,,
Balloon Grenadier,2,NPC,Medium,Humanoid,Human,,CE,,,14,33,6,8,6,30,,,,,11,16,12,11,14,13,,,,,,,,,,,,,,,,9:57,,
Balor,19,Monster,Huge,Fiend,Demon,,CE,,,19,262,21,12,126,40,,,80,,26,15,22,20,16,22,55,,,,,,,,273,,,,,,,,,
Bandit,0.125,NPC,Medium,Humanoid,Any,,!L,,,12,11,2,8,2,30,,,,,11,12,12,10,10,10,343,,,,,,,53,391,6,,,"1:10, 3:29, 4:21, 9:26",,,"1:19, 2:22, 3:22/23, 7:20",,5:23
Bandit Captain,2,NPC,Medium,Humanoid,Any,,!L,,,15,65,10,8,20,30,,,,,15,16,14,14,11,14,344,,,,,,,,392,,,,"5:19, 6:26, 14:20",9,,3:22,,5:24
Banshee,4,Monster,Medium,Undead,,,CE,,,12,58,13,8,,0,,,40,,1,14,10,12,11,17,23,,,,,,,11,,,,,,,,,,7:34
Barbed Devil,5,Monster,Medium,Fiend,Devil,,LE,,,15,110,13,8,52,30,,,,,16,17,18,12,14,14,70,,,,,,,,277,,7,,,,,,,
Barlgura,5,Monster,Large,Fiend,Demon,,CE,,,15,68,8,10,24,30,,30,,,18,15,16,7,14,9,56,,,,,,,,,,,,,9,,,,"3:28, 4:40"
Basilisk,3,Monster,Medium,Monstrosity,,,U,,,15,52,8,8,16,20,,,,,16,8,15,2,8,7,24,,,,,,,12,268,,,,10:31,,,,,
Bastian Thermandar,8,NPC,Medium,Humanoid,Fire Genasi,,NE,9,S,12,78,12,8,24,30,,,,,12,14,15,11,9,18,,,,,,,201,,,,,,,,,,,
Bat,0,Creature,Tiny,Beast,,,U,,,12,1,1,4,-1,5,,,30,,2,15,8,2,12,4,318,304,,,,,,12,362,,,,,,,10:30,,
Bearded Devil,3,Monster,Medium,Fiend,Devil,,LE,,,13,52,8,8,16,30,,,,,16,15,15,9,11,11,70,,,,,,,,277,,7,,,,,,,
Behir,11,Monster,Huge,Monstrosity,,,NE,,,17,168,16,12,64,50,,40,,,23,16,18,7,14,12,25,,,,,,,,268,,,,,,,13:36,,
Beholder,13,Monster,Large,Aberration,,,LE,,,18,180,19,10,76,0,,,20,,10,14,18,17,15,17,28,,,,,,,,,,,,,,,,,
Beholder (in lair),14,Monster,Large,Aberration,,,LE,,,18,180,19,10,76,0,,,20,,10,14,18,17,15,17,28,,,,,,,,,,,,,,,,,
Beholder Zombie,5,Monster,Large,Undead,,,NE,,,15,93,11,10,33,0,,,20,,10,8,16,3,8,5,316,,,,,,,,,,,,,,,,,
Berserker,2,NPC,Medium,Humanoid,Any,,*C,,,13,67,9,8,27,30,,,,,16,12,17,9,11,9,344,,,,,,,53,392,6,,,"9:29, 12:25, 12:27",,,3:22,,
Black Bear,0.5,Creature,Medium,Beast,,,U,,,11,19,3,8,6,40,,30,,,15,10,14,2,12,7,318,304,,,,,,12,362,,,,,,,9:54,,
Black Dragon Wyrmling,2,Monster,Medium,Dragon,,,CE,,,17,33,6,8,6,30,,,60,30,15,14,13,10,11,13,88,,,,,,,,285,,,,6:26,,,,,
Black Earth Guard,2,NPC,Medium,Humanoid,Human,,NE,,,18,39,6,8,12,30,,,,,17,11,14,10,10,9,,,,,,,195,,,,,,,,,"7:21, 13:31",,
Black Earth Priest,3,NPC,Medium,Humanoid,Human,,NE,5,S,17,45,7,8,14,30,,,,,15,11,14,12,10,16,,,,,,,195,,,,,,,,48,13:31,,
Black Pudding,4,Monster,Large,Ooze,,,U,,,7,85,10,10,30,20,,20,,,16,5,16,1,6,1,241,,,,,,,,340,,,,,10,,"3:24, 4:27",,"3:24, 7:33"
Blagothkus (Cloud Giant),9,Monster,Huge,Giant,,,NE,5,W,17,138,12,12,60,40,,,,,26,13,20,16,15,15,,,,,89,,,,,,,,,,,,,
Blink Dog,0.25,Creature,Medium,Fey,,,LG,,,13,22,4,8,4,40,,,,,12,17,12,10,13,11,318,,,,,,,12,363,,,,,,,,,
Blood Hawk,0.125,Creature,Small,Beast,,,U,,,12,7,2,6,,10,,,60,,6,14,10,3,14,5,319,,,,,,,13,363,,,,,,,1:12,,
Blue Dragon Wyrmling,3,Monster,Medium,Dragon,,,LE,,,17,52,8,8,16,30,15,,60,,17,10,15,12,11,15,91,,,,,,,,287,,,,,,,,,
Blue Slaad,7,Monster,Large,Aberration,Slaad,,CN,,,15,123,13,10,52,30,,,,,20,15,18,7,7,9,276,,,,,,,,,,,,"11:33, 14:20",,,,,
Boar,0.25,Creature,Medium,Beast,,,U,,,11,11,2,8,2,40,,,,,13,11,12,2,9,5,319,304,,,,,,13,363,,,,11:33,,,,,2:28
Boar Pit Fighter,3,NPC,Medium,Humanoid,Human,,LE,,,15,58,15,8,45,30,,,,,16,16,14,10,12,15,,,,,,,,,,,,,,,,4:25,,
Bodyguard,2,NPC,Medium,Humanoid,Human,,N,,,15,65,10,8,20,30,,,,,15,16,14,14,11,10,,,,,,,,,,,,,,,,10:28,,
Bone Devil,9,Monster,Large,Fiend,Devil,,LE,,,19,142,15,10,60,40,,,40,,18,16,18,13,14,16,71,,,,,,,,278,,8,,,,,,,
Bone Naga,4,Monster,Large,Undead,Naga,,LE,5,C|W,15,58,9,10,9,30,,,,,15,16,12,15,15,16,233,,,,,,,,,,,,,,,,,
Brass Dragon Wyrmling,1,Monster,Medium,Dragon,,,CG,,,16,16,3,8,3,30,15,,60,,15,10,13,10,11,13,106,,,,,,,,295,,,,,,,,,
Breex Vandermast,3,NPC,Medium,Humanoid,Half-Orc,,NE,5,S,16,71,11,8,21,30,,,,,16,14,14,11,10,15,,,,,,,,,,,,,,,,,,2:27
Bronze Dragon Wyrmling,2,Monster,Medium,Dragon,,,LG,,,17,32,5,8,10,30,,,60,30,17,10,15,12,11,15,109,,,,,,,,298,,,,,,,,,
Brown Bear,1,Creature,Large,Beast,,,U,,,11,34,4,10,12,40,,30,,,19,10,16,2,13,7,319,304,,,,,,13,364,,,,,,,,,
Bugbear,1,Monster,Medium,Humanoid,Goblinoid,,CE,,,16,27,5,8,5,30,,,,,15,14,13,8,11,9,33,,,56,,,,13,269,,,,1:15,,,9:56,,
Bugbear Chief,3,Monster,Medium,Humanoid,Goblinoid,,CE,,,17,65,10,8,20,30,,,,,17,14,14,11,12,11,33,,,,,,,,,,,,,,,9:56,,
Bulette,5,Monster,Large,Monstrosity,,,U,,,17,94,9,10,45,40,40,,,,19,11,21,2,10,5,34,,,,,,,,269,,,,13:24,10,,4:28,,7:28
Bullywug,0.25,Monster,Medium,Humanoid,Bullywug,,NE,,,15,11,2,8,2,20,,,,40,12,12,13,7,10,7,35,,,,,,,,,7,,,,,,1:32,,
Burrowshark,4,NPC,Medium,Humanoid,Human,,NE,,,18,82,11,8,33,30,,,,,18,12,16,10,11,13,,,,,,,196,,,,,,,,,,,
Cambion,5,Monster,Medium,Fiend,,,*E,,,19,82,11,8,33,30,,,60,,18,18,16,14,12,16,36,,,,,,,,,,,,10:31,,,,,"4:49, 9:31"
Camel,0.125,Creature,Large,Beast,,,U,,,9,15,2,10,4,50,,,,,16,8,14,2,8,5,320,,,,,,,14,364,,,,,,,,,
Captain Othelstan,5,NPC,Medium,Humanoid,Human,,LE,,,19,93,11,10,33,30,,,,,19,10,16,13,14,12,,,,,89,,,,,,,,,,,,,
Carrion Crawler,2,Monster,Large,Monstrosity,,,U,,,13,51,6,10,18,30,,30,,,14,13,16,1,12,5,37,,,,,,,,,,,,"6:26, 14:20",,,,,
Cat,0,Creature,Tiny,Beast,,,U,,,12,2,1,4,,40,,30,,,3,15,10,3,12,7,320,305,,,,,,14,364,,,,,,,,,
Centaur,2,Monster,Large,Monstrosity,,,NG,,,12,45,6,10,12,50,,,,,18,14,14,9,13,11,38,,,,,,,14,270,,,,,,,,,
Chain Devil,8,Monster,Medium,Fiend,Devil,,LE,,,16,85,10,8,40,30,,,,,18,15,18,11,12,14,72,,,,,,,,278,,,,,,,,,
Chasme,6,Monster,Large,Fiend,Demon,,CE,,,15,84,13,10,13,20,,,60,,15,15,12,11,14,10,57,,,,,,,,,,,,,,,,,"3:29, 4:41"
Chimera,6,Monster,Large,Monstrosity,,,CE,,,14,114,12,10,48,30,,,60,,19,11,19,3,14,10,39,,,,,,,14,270,,8,,11:34,,,4:26,,
Chuul,4,Monster,Large,Aberration,,,CE,,,16,93,11,10,33,30,,,,30,19,10,16,5,11,5,40,,,,,,,,270,,9,,,11,,,,
Clay Golem,9,Monster,Large,Construct,Golem,,U,,,14,133,14,10,56,20,,,,,20,9,18,3,8,1,168,,,,,,,,318,,9,,,,,,,"4:44, 9:27"
Cloak of Mulmaster,2,NPC,Medium,Humanoid,Human,,N,5,W,12,22,5,8,,30,,,,,9,14,11,17,12,11,,,,,,,,,,,,,,,,10:27,,
Cloaker,8,Monster,Large,Aberration,,,CN,,,14,78,12,10,12,10,,,40,,17,15,12,13,12,14,41,,,,,,,,271,,,,,11,,,,4:41
Cloud Giant,9,Monster,Huge,Giant,,,NG|NE,,,14,200,16,12,96,40,,,,,27,10,22,12,16,16,154,,,,,,,,315,,,,,12,,13:35,,
Cockatrice,0.5,Monster,Small,Monstrosity,,,U,,,11,27,6,6,6,20,,,40,,6,12,12,2,13,5,42,,,,,,,15,271,,,,,,,,,
Commoner,0,NPC,Medium,Humanoid,Any,,Any,,,10,4,1,8,,30,,,,,10,10,10,10,10,10,345,,,56,,,,54,393,7,10,,"2:24, 3:29, 7:21, 9:26",,,"2:21, 3:23, 5:26",,"2:26, 3:24, 4:40, 5:24, 6:18, 9:26"
Constrictor Snake,0.25,Creature,Large,Beast,,,U,,,12,13,2,10,2,30,,,,30,15,14,12,1,10,3,320,305,,,,,,15,364,,,,,,,,,
Copper Dragon Wyrmling,1,Monster,Medium,Dragon,,,CG,,,16,22,4,8,4,30,,30,60,,15,12,13,14,11,13,112,,,,,,,,301,,,,,,,,,
Couatl,4,Monster,Medium,Celestial,,,LG,,,19,97,13,8,39,30,,,90,,16,20,17,18,20,18,43,,,,,,,,272,,,,,,,,,
Crab,0,Creature,Tiny,Beast,,,U,,,11,2,1,4,,20,,,,20,2,11,10,1,8,2,320,,,,,,,15,365,,,,,,,,,
Crawling Claw,0,Monster,Tiny,Undead,,,NE,,,12,2,1,4,,20,,20,,,13,14,11,5,10,4,44,,,,,,,,,,,,11:34,12,,,,
Crocodile,0.5,Creature,Large,Beast,,,U,,,12,19,3,10,3,20,,,,30,15,10,13,2,10,5,320,305,,,,,,15,365,7,,,7:21,,,12:19,,
Crushing Wave Priest,2,NPC,Medium,Humanoid,Human,,NE,5,S,13,52,8,8,16,30,,,,,15,11,14,10,11,16,,,,,,,205,,,,,,,,51,"3:26, 8:18, 12:21",,
Crushing Wave Reaver,0.5,NPC,Medium,Humanoid,Human,,NE,,,14,22,4,8,4,30,,,,,15,14,13,10,11,8,,,,,,,205,,,,,,,,52,"3:23, 8:19, 12:19",,
Cult Assassin,1,NPC,Medium,Humanoid,Human,,CE,,,15,32,6,8,5,30,,,30,,12,16,12,12,14,14,,,,,,,,,,,,,,,,10:28,,
Cult Fanatic,2,NPC,Medium,Humanoid,Any,,!G,4,C,13,33,6,8,6,30,,,,,11,14,12,10,13,14,345,,,,,,,,393,,10,,"3:30, 5:21, 10:35/36, 12:27",12,,"2:23, 9:57",,
Cultist,0.125,NPC,Medium,Humanoid,Any,,!G,,,12,9,2,8,,30,,,,,11,12,10,10,11,10,345,,,56,,,,54,393,7,10,,4:21,,,"2:23, 5:26, 9:56, 10:29, 12:20",,1:42
Cyclops,6,Monster,Huge,Giant,,,CN,,,14,138,12,12,60,30,,,,,22,11,20,8,6,10,45,,,,,,,16,,,10,,13:24,,,13:35,,
Dao,11,Monster,Large,Elemental,Genie,,NE,,,18,187,15,10,105,30,30,,30,,23,12,24,12,13,14,143,,,,,,,,,,11,,,13,,,,
Dark Tide Knight,3,NPC,Medium,Humanoid,Human,,LE,,,13,58,9,8,18,30,,,,,17,16,14,10,11,11,,,,,,,205,,,,,,,,,,,
Darkmantle,0.5,Monster,Small,Monstrosity,,,U,,,11,22,5,6,5,10,,,30,,16,12,13,2,10,5,46,,,,,,,,272,,,,,13,,,,
Death Dog,1,Creature,Medium,Monstrosity,,,NE,,,12,39,6,8,12,40,,,,,15,14,14,3,13,6,321,,,,,,,16,365,,,,"11:34, 13:24",,,,,5:26
Death Knight,17,Monster,Medium,Undead,,,CE,19,P,20,180,19,8,95,30,,,,,20,11,20,12,16,18,47,,,,,,,,,,,,,,,,,
Death Slaad,10,Monster,Medium,Aberration,Slaad,1,CE,,,18,170,20,8,80,30,,,,,20,15,19,15,10,16,278,,,,,,,,,,,,,,,,,
Death Tyrant,14,Monster,Large,Undead,,,LE,,,19,187,25,10,50,0,,,20,,10,14,14,19,15,19,29,,,,,,,,,,,,,,,,,
Death Tyrant (in lair),15,Monster,Large,Undead,,,LE,,,19,187,25,10,50,0,,,20,,10,14,14,19,15,19,29,,,,,,,,,,,,,,,,,
Deep Gnome (Svirfneblin),0.5,Monster,Small,Humanoid,Gnome,,NG,,,15,16,3,6,6,20,,,,,15,14,14,12,10,9,164,,,,,,,,318,,,,,13,,11:21,,
Deer,0,Creature,Medium,Beast,,,U,,,13,4,1,8,,50,,,,,11,16,11,2,14,5,321,,,,,,,16,365,7,,,,,,,,
Demilich,18,Monster,Tiny,Undead,,,NE,,,20,80,20,4,,0,,,30,,1,20,10,20,17,20,48,,,,,,,,,,,,,,,,,
Demilich (in lair),20,Monster,Tiny,Undead,,,NE,,,20,80,20,4,,0,,,30,,1,20,10,20,17,20,48,,,,,,,,,,,,,,,,,
Derro,0.25,Monster,Small,Humanoid,Derro,,CE,,,13,13,3,6,3,30,,,,,9,14,12,11,5,9,,,,,,,,,,,,,,,,,59,3:26
Derro Savant,3,Monster,Small,Humanoid,Derro,,CE,5,S,13,49,11,6,11,30,,,,,9,14,12,11,5,14,,,,,,,,,,,,,,,,,60,
Deva,10,Monster,Medium,Celestial,,,LG,,,17,136,16,8,64,30,,,90,,18,18,18,17,20,20,16,,,,,,,,264,,,,,,,,,
Dire Wolf,1,Creature,Large,Beast,,,U,,,14,37,5,10,10,50,,,,,17,15,15,3,12,7,321,305,,,,,,16,366,,,,3:29,,,,,
Displacer Beast,3,Monster,Large,Monstrosity,,,LE,,,13,85,10,10,30,40,,,,,18,15,16,6,12,8,81,,,,,,,,,,,,8:25,,,,,
Djinni,11,Monster,Large,Elemental,Genie,,CG,,,17,161,14,10,84,30,,,90,,21,15,22,15,16,20,144,,,,,,,,312,,,,,14,,,,
Doppelganger,3,Monster,Medium,Monstrosity,,1,N,,,14,52,8,8,16,30,,,,,11,18,14,11,12,14,82,,,56,,,,17,282,8,,,,,,4:30,,3:19
"Doril Cire, Fire Cultist",0.25,NPC,Medium,Humanoid,Human,,NE,,,13,11,2,8,2,30,,,,,11,14,13,10,11,12,,,,,,,,,,,,,,,,5:26,,
Draft Horse,0.25,Creature,Large,Beast,,,U,,,10,19,3,10,3,40,,,,,18,10,12,2,11,7,321,,,,,,,17,366,,,,,,,,,5:26
Dragon Turtle,17,Monster,Gargantuan,Dragon,,,N,,,20,341,22,20,110,20,,,,40,25,10,20,10,12,12,119,,,,,,,,306,,,,,14,,,,
Dragonclaw,1,NPC,Medium,Humanoid,Human,,NE,,,14,16,3,8,3,30,,,,,9,16,13,11,10,12,,,,,89,89,,,,,,36,13:25,,,,,
Dragonfang,5,NPC,Medium,Humanoid,Human,,NE,,,15,78,12,8,24,30,,,,,11,16,14,12,12,14,,,,,,89,,,,,,,,,,,,
Dragonsoul,7,NPC,Medium,Humanoid,Human,,NE,,,16,110,17,8,34,30,,,,,11,18,14,13,12,16,,,,,,89,,,,,,,,,,,,
Dragonwing,2,NPC,Medium,Humanoid,Human,,NE,,,14,33,6,8,6,30,,,,,11,16,13,11,11,13,,,,,89,90,,,,,,,13:25,,,,,
Dralmorrer Borngray,3,NPC,Medium,Humanoid,Elf,,NE,7,W,16,52,7,10,14,30,,,,,18,14,14,16,10,8,,,,,90,,,,,,,,,,,,,
Drannin Splithelm,7,NPC,Medium,Humanoid,Shield Dwarf,,NE,,,18,93,11,8,44,25,,,,,19,10,18,11,8,12,,,,,,,209,,,,,,,,,,,
Dretch,0.25,Monster,Small,Fiend,Demon,,CE,,,11,18,4,6,4,20,,,,,11,11,12,5,8,3,57,,,,,,,,273,,,,,,,1:39,,"1:36, 3:28"
Drider,6,Monster,Large,Monstrosity,,,CE,,,19,123,13,10,52,30,,30,,,16,16,18,13,14,12,120,,,,,,,,307,,,,,,,,,
Drow,0.25,Monster,Medium,Humanoid,Elf,,NE,,,15,13,3,8,,30,,,,,10,14,10,11,11,12,128,,,,,,,,310,,,,,,,,,"3:24, 7:30"
Drow Elite Warrior,5,Monster,Medium,Humanoid,Elf,,NE,,,18,71,11,8,22,30,,,,,13,18,14,11,13,12,128,,,,,,,,,,,,,,,,,"7:30, 8:28, 9:26"
Drow Mage,7,Monster,Medium,Humanoid,Elf,,NE,10,W,12,45,10,8,,30,,,,,9,14,10,17,13,12,129,,,,,,,,,,,,,15,,,,7:31
Drow Priestess of Lolth,8,Monster,Medium,Humanoid,Elf,,NE,10,C,16,71,13,8,13,30,,,,,10,14,12,13,17,18,129,,,,,,,,,,,,,,,,,
Drow Spore Servant,0.125,Monster,Medium,Plant,Myconid,,U,,,15,13,3,8,,20,,,,,10,14,10,2,6,1,,,,,,,,,,,,,,,,,61,
Druid,2,NPC,Medium,Humanoid,Any,,Any,4,D,11,27,5,8,5,30,,,,,10,12,13,12,15,11,346,,,,,,,,393,,11,,"11:35, 13:25",15,,8:20,,2:29
Dryad,1,Monster,Medium,Fey,,,N,,,11,22,5,8,,30,,,,,10,12,11,14,15,18,121,,,,,,,,307,,,,,,,,,
Duergar,1,Monster,Medium,Humanoid,Dwarf,,LE,,,16,26,4,8,8,25,,,,,14,11,14,11,10,9,122,,,,,,,,308,,,,,16,,,,"1:22, 5:27, 8:27"
Duergar Kavalrachni,2,Monster,Medium,Humanoid,Dwarf,,LE,,,16,26,4,8,8,25,,,,,14,11,14,11,10,9,,,,,,,,,,,,,,,,,61,
Duergar Spore Servant,0.5,Monster,Medium,Plant,Myconid,,U,,,16,26,4,8,8,15,,,,,14,11,14,2,6,1,,,,,,,,,,,,,,,,,62,
Duodrone,0.25,Monster,Medium,Construct,Modron,,LN,,,15,11,2,8,2,30,,,,,11,13,12,6,10,7,225,,,,,,,,,,,,,,,,,
Dust Mephit,0.5,Monster,Small,Elemental,Mephit,,NE,,,12,17,5,6,,30,,,30,,5,14,10,9,11,10,215,,,,,,,,333,,,,,16,,"6:33, 9:58, 10:27",,
Eagle,0,Creature,Small,Beast,,,U,,,12,3,1,6,,10,,,60,,6,15,10,2,14,7,322,,,,,,,17,366,,,,,,,,,
Earth Elemental,5,Monster,Large,Elemental,,,N,,,17,126,12,10,60,30,30,,,,20,8,20,5,10,5,124,,,,,,,17,309,,12,,,,,,,
Earth Elemental Myrmidon,7,Monster,Medium,Elemental,,,N,,,18,127,17,8,51,30,,,,,18,10,17,8,10,10,,,,,,,212,,,,,,,,,,,
Efreeti,11,Monster,Large,Elemental,Genie,,LE,,,17,200,16,10,112,40,,,60,,22,12,24,16,15,16,145,,,,,,,,313,,12,,,16,,,,
Elemental Anchor,2,NPC,Medium,Humanoid,Air Genasi,,CE,,,14,33,6,8,6,30,,,,,15,16,12,11,14,13,,,,,,,,,,,,,,,,0.416666667,,
Elephant,4,Creature,Huge,Beast,,,U,,,12,76,8,12,24,40,,,,,22,9,17,3,11,6,322,,,,,,,18,366,,,,,,,,,
Elizar Dryflagon,5,NPC,Medium,Humanoid,Human,,NE,7,D,14,71,11,8,22,30,,,,,13,15,14,11,18,10,,,,,,,202,,,,,,,,,,,
Elk,0.25,Creature,Large,Beast,,,U,,,10,13,2,10,2,50,,,,,16,10,12,2,10,6,322,,,,,,,18,367,8,,,,,,,,
Empyrean,23,Monster,Huge,Celestial,Titan,,CG|NE,,,22,313,19,12,190,50,,,50,50,30,21,30,21,22,27,130,,,,,,,,,,,,,,,,,
Erinyes,12,Monster,Medium,Fiend,Devil,,LE,,,18,153,18,8,72,30,,,60,,18,16,18,14,14,18,73,,,,,,,,279,,,,,,,,,
Eternal Flame Guardian,2,NPC,Medium,Humanoid,Human,,CE,,,17,45,7,8,14,30,,,,,15,13,14,8,11,13,,,,,,,200,,,,,,,,,,,
Eternal Flame Priest,3,NPC,Medium,Humanoid,Human,,NE,5,S,12,52,8,8,16,30,,,,,12,15,14,10,11,16,,,,,,,200,,,,,,,,,8:18,,
Ettercap,2,Monster,Medium,Monstrosity,,,NE,,,13,44,8,8,8,30,,30,,,14,15,13,7,12,8,131,,,,,,,,311,9,13,,,,,,,
Ettin,4,Monster,Large,Giant,,,CE,,,12,85,10,10,30,40,,,,,21,8,17,6,10,8,132,,,,,,,,311,,13,,,17,,,,
Evil Mage,1,NPC,Medium,Humanoid,Human,,LE,4,W,12,22,5,8,,30,,,,,9,14,11,17,12,11,,,,57,,,,,,,,,,,,,,
Evil Mage,2,NPC,Medium,Humanoid,Human,,NE,4,W,12,22,5,8,,30,,,,,9,14,11,17,12,11,,,,,,,,,,,,,"3:31, 4:22",,,7:20,,
Evil Sorcerer,1,NPC,Medium,Humanoid,Half-Orc,,CE,4,S,12,22,5,8,,30,,,,,9,14,11,11,12,17,,,,,,,,,,,,,,,,,,2:27
Faerie Dragon (old),2,Monster,Tiny,Dragon,,,CG,,,15,14,4,4,4,10,,,60,,3,20,13,14,12,16,133,,,,,,,,,,,,,,,,,
Faerie Dragon (young),1,Monster,Tiny,Dragon,,,CG,,,15,14,4,4,4,10,,,60,,3,20,13,14,12,16,133,,,,,,,,,,,,,,,,,1:30
Farvnik the Venomous,5,NPC,Medium,Humanoid,Half-Elf,,LE,9,C,17,58,9,8,18,30,,,,,14,12,14,10,16,16,,,,,,,,,,,,,10:32,,,,,
Fathomer,2,NPC,Medium,Humanoid,Human,,NE,5,L,10,52,8,8,16,30,,,,,14,11,14,11,11,15,,,,,,,207,,,,,,,,52,"3:25, 8:19",,
Feathergale Knight,1,NPC,Medium,Humanoid,Human,,LE,1,S,16,33,6,8,6,30,,,,,14,14,12,11,10,14,,,,,,,189,,,,,,,,49,6:34,,
Female Steeder,1,Monster,Large,Beast,Spider,,U,,,14,30,4,10,8,30,,30,,,15,16,14,2,10,3,,,,,,,,,,,,,,,,,62,
Fire Elemental,5,Monster,Large,Elemental,,,N,,,13,102,12,10,36,50,,,,,10,17,16,6,10,7,125,,,,,,,18,309,,14,,,,,,,
Fire Elemental Myrmidon,7,Monster,Medium,Elemental,,,N,,,18,117,18,8,36,40,,,,,13,18,15,9,10,10,,,,,,,213,,,,,,,,,,,
Fire Giant,9,Monster,Huge,Giant,,,LE,,,18,162,13,12,78,30,,,,,25,9,23,10,14,13,154,,,,,,,19,315,,,,,,,,,"3:30, 4:42"
Fire Giant Whelp,7,Monster,Huge,Giant,,,N,,,17,126,11,12,55,40,,,,,23,9,20,10,12,9,,,,,,,,,,,,,,,,,,4:42
Fire Snake,1,Monster,Medium,Elemental,,,NE,,,14,22,5,8,,30,,,,,12,14,11,7,10,8,265,,,,,,,,,,,,,17,,"2:22, 5:25",,
Flameskull,4,Monster,Tiny,Undead,,,NE,5,W,13,40,9,4,18,0,,,40,,1,17,14,16,10,11,134,,,57,,,,19,,,,,,,,2:24,,
Flamewrath,6,NPC,Medium,Humanoid,Human,,CE,7,S,12,105,14,8,42,30,,,,,10,14,16,11,10,16,,,,,,,201,,,,,,,,,,,
Flesh Golem,5,Monster,Medium,Construct,Golem,,N,,,9,93,11,8,44,30,,,,,19,9,18,6,10,5,169,,,,,,,20,319,,,,10:33,,,"4:28, 13:33",,
Flumph,0.125,Monster,Small,Aberration,,,LG,,,12,7,2,6,,5,,,30,,6,15,10,14,14,11,135,,,,,,,,,,,,,,,8:20,,
Flying Snake,0.125,Creature,Tiny,Beast,,,U,,,14,5,2,4,,30,,,60,30,4,18,11,2,12,5,322,,,,,,,20,367,,,,,,,,,
Flying Sword,0.25,Monster,Small,Construct,,,U,,,17,17,5,6,,0,,,50,,12,15,11,1,5,1,20,,,,,,,20,267,,,,"9:26, 11:35",,,5:25,,
Fomorian,8,Monster,Huge,Giant,,,CE,,,14,149,13,12,65,30,,,,,23,10,20,9,14,6,136,,,,,,,,,,,,,,,,,
Frog,-,Creature,Tiny,Beast,,,U,,,11,1,1,4,-1,20,,,,20,1,13,8,1,8,3,322,305,,,,,,21,367,,,,,,,,,
Frost Giant,8,Monster,Huge,Giant,,,NE,,,15,138,12,12,60,40,,,,,23,9,21,9,10,12,155,,,,,,,21,315,,,,,,,9:53,,
Frulam Mondath,2,NPC,Medium,Humanoid,Human,,LE,5,C,16,44,8,8,8,30,,,,,14,10,13,11,18,15,,,,,90,,,,,,,37,,,,,,
Galeb Duhr,6,Monster,Medium,Elemental,,,N,,,16,85,9,8,45,15,,,,,20,14,20,11,12,11,139,,,,,,,,,,,,11:36,17,,,,
Gar Shatterkeel,9,NPC,Medium,Humanoid,Human,,NE,9,D,16,112,15,8,45,30,,,,30,15,15,16,12,18,13,,,,,,,208,,,,,,,,,,,
Gar Shatterkeel (in lair),13,NPC,Medium,Humanoid,Human,,NE,9,D,16,112,15,8,45,30,,,,30,15,15,16,12,18,13,,,,,,,208,,,,,,,,,,,
Gargoyle,2,Monster,Medium,Elemental,,,CE,,,15,52,7,8,21,30,,,60,,15,11,16,6,11,7,140,,,,,,,21,312,9,,,,,,4:29,,
Gas Spore,0.5,Monster,Large,Plant,,,U,,,5,1,1,10,-4,0,,,10,,5,1,3,1,1,1,138,,,,,,,,,,,,,,,,,
Gelatinous Cube,2,Monster,Large,Ooze,,,U,,,6,84,8,10,40,15,,,,,14,3,20,1,6,1,242,,,,,,,,340,,,,,,,,,
Ghald,7,Monster,Large,Humanoid,Sahuagin,,LE,,,15,102,12,10,36,30,,,,50,19,17,16,14,13,17,,,,,,,209,,,,,,,,,,,
Ghast,2,Monster,Medium,Undead,,,CE,,,13,36,8,8,,30,,,,,16,17,10,11,10,8,148,,,,,,,,314,,,,5:19,18,,,,
Ghost,4,Monster,Medium,Undead,,,Any,,,11,45,10,8,,0,,,40,,7,13,10,10,12,17,147,,,,,,,22,313,,14,,"11:37, 13:26",,,,,7:33
Ghoul,1,Monster,Medium,Undead,,,CE,,,12,22,5,8,,30,,,,,13,15,10,7,10,6,148,,,58,,,,22,315,,,,"2:24, 4:21, 5:19, 11:37",,,,,
Giant Ape,7,Creature,Huge,Beast,,,U,,,12,157,15,12,60,40,,40,,,23,14,18,7,12,7,323,,,,,,,22,368,,,,,,,,,
Giant Badger,0.25,Creature,Medium,Beast,,,U,,,10,13,2,8,4,30,10,,,,13,10,15,2,12,5,323,,,,,,,23,368,,,,,,,"1:25, 7:22, 11:21",,
Giant Bat,0.25,Creature,Large,Beast,,,U,,,13,22,4,10,,10,,,60,,15,16,11,2,12,6,323,,,,,,,23,368,,,,,,,,,
Giant Boar,2,Creature,Large,Beast,,,U,,,12,42,5,10,15,40,,,,,17,10,16,2,7,5,323,,,,,,,23,368,,,,,,,,,7:28
Giant Centipede,0.25,Creature,Small,Beast,,,U,,,13,4,1,6,1,30,,30,,,5,14,12,1,7,3,323,,,,,,,23,369,9,,,,,,,,
Giant Constrictor Snake,2,Creature,Huge,Beast,,,U,,,12,60,8,12,8,30,,,,30,19,14,12,1,10,3,324,,,,,,,24,369,,,,,,,,,
Giant Crab,0.125,Creature,Medium,Beast,,,U,,,15,13,3,8,,30,,,,30,13,15,11,1,9,3,324,,,,,,,24,369,,,,,,,12:19,,
Giant Crocodile,5,Creature,Huge,Beast,,,U,,,14,85,9,12,27,30,,,,50,21,9,17,2,10,7,324,,,,,,,24,369,,,,,,,,,
Giant Eagle,1,Creature,Large,Beast,,,NG,,,13,26,4,10,4,10,,,80,,16,17,13,8,14,10,324,306,,,,,,24,370,,,,,,,,,
Giant Elk,2,Creature,Huge,Beast,,,U,,,14,42,5,12,10,60,,,,,19,16,14,7,14,10,325,,,,,,,25,370,,,,,,,,,
Giant Fire Beetle,0,Creature,Small,Beast,,,U,,,13,4,1,6,1,30,,,,,8,10,12,1,7,3,325,,,,,,,25,370,,,,,,,,,
Giant Fly,-,Creature,Large,Beast,,,U,,,11,19,3,10,3,30,,,60,,14,13,13,2,10,3,,,169,,,,,,225,,,,,,,,,
Giant Frog,0.25,Creature,Medium,Beast,,,U,,,11,18,4,8,,30,,,,30,12,13,11,2,10,3,325,,,,,,,25,371,10,,,,,,1:32,,
Giant Goat,0.25,Creature,Large,Beast,,,U,,,11,19,3,10,3,40,,,,,17,11,12,3,12,6,326,,,,,,,25,371,,,,"7:21, 13:26",,,,,1:14
Giant Hyena,1,Creature,Large,Beast,,,U,,,12,45,6,10,12,50,,,,,16,14,14,2,12,7,326,,,,,,,26,371,,,,,,,,,
Giant Lizard,0.25,Creature,Large,Beast,,,U,,,12,19,3,10,3,30,,30,,,15,12,13,2,10,5,326,,,,,,,26,372,10,,,,,,,,
Giant Octopus,1,Creature,Large,Beast,,,U,,,11,52,8,10,8,10,,,,60,17,13,13,4,10,4,326,,,,,,,26,372,,15,,11:36,,,,,9:30
Giant Owl,0.25,Creature,Large,Beast,,,N,,,12,19,3,10,3,5,,,60,,13,15,12,8,13,10,327,,,,,,,26,372,,,,,,,,,
Giant Poisonous Snake,0.25,Creature,Medium,Beast,,,U,,,14,11,2,8,2,30,,,,30,10,18,13,2,10,3,327,,,,,,,27,373,,,,,,,,,
Giant Rat,0.125,Creature,Small,Beast,,,U,,,12,7,2,6,,30,,,,,7,15,11,2,10,4,327,,,,,,,27,373,,,,,,,,,6:18
Giant Scorpion,3,Creature,Large,Beast,,,U,,,15,52,7,10,14,40,,,,,15,13,15,1,9,3,327,,,,,,,27,373,,,,,,,,,
Giant Sea Horse,0.5,Creature,Large,Beast,,,U,,,13,16,3,10,,0,,,,40,12,15,11,2,12,5,328,,,,,,,27,373,,,,,,,,,
Giant Shark,5,Creature,Huge,Beast,,,U,,,13,126,11,12,55,0,,,,50,23,11,21,1,10,5,328,,,,,,,28,374,,,,,,,,,
Giant Spider,1,Creature,Large,Beast,Spider,,U,,,14,26,4,10,4,30,,30,,,14,16,12,2,11,4,328,306,,58,,,,28,374,10,,,,,,9:51,,
Giant Toad,1,Creature,Large,Beast,,,U,,,11,39,6,10,6,20,,,,40,15,13,13,2,10,3,329,,,,,,,28,375,,,,7:21,,,,,
Giant Vulture,1,Creature,Large,Beast,,,NE,,,10,22,3,10,6,10,,,60,,15,10,15,6,12,7,329,,,,,,,29,375,,,,,,,,,
Giant Wasp,0.5,Creature,Medium,Beast,,,U,,,12,13,3,8,,10,,,50,,10,14,10,1,10,3,329,,,,,,,29,375,,,,,,,7:21,,
Giant Weasel,0.125,Creature,Medium,Beast,,,U,,,13,9,2,8,,40,,,,,11,16,10,4,12,5,329,,,,,,,29,376,,,,9:26,,,,,
Giant Wolf Spider,0.25,Creature,Medium,Beast,Spider,,U,,,13,11,2,8,2,40,,40,,,12,16,13,3,12,4,330,,,,,,,29,376,,,,,,,,,
Gibbering Mouther,2,Monster,Medium,Aberration,,,N,,,9,67,9,8,27,10,,,,10,10,8,16,3,10,6,157,,,,,,,,317,,,,,,,,,
Githyanki Knight,8,Monster,Medium,Humanoid,Gith,,LE,,,18,91,14,8,28,30,,,,,16,14,15,14,14,15,160,,,,,,,,,,,,,,,,,
Githyanki Warrior,3,Monster,Medium,Humanoid,Gith,,LE,,,17,49,9,8,9,30,,,,,15,14,12,13,13,10,160,,,,,,,,,,,,,,,,,
Githzerai Monk,2,Monster,Medium,Humanoid,Gith,,LN,,,14,38,7,8,7,30,,,,,12,15,12,13,14,10,161,,,,,,,,,,,,,,,,,
Githzerai Zerth,6,Monster,Medium,Humanoid,Gith,,LN,,,17,84,13,8,26,30,,,,,13,18,15,16,17,12,161,,,,,,,,,,,,,,,,,
Glabrezu,9,Monster,Large,Fiend,Demon,,CE,,,17,157,15,10,75,40,,,,,20,15,21,19,17,16,58,,,,,,,,274,,,,,,,,,"4:42, 8:30"
Gladiator,5,NPC,Medium,Humanoid,Any,,Any,,,16,112,15,8,45,30,,,,,18,15,16,10,12,15,346,,,,,,,,394,,15,,11:38,,,,,
Gnoll,0.5,Monster,Medium,Humanoid,Gnoll,,CE,,,15,22,5,8,,30,,,,,14,12,11,6,10,7,163,,,,,,,30,317,,,,,,,,,
Gnoll Fang of Teenoghu,4,Monster,Medium,Humanoid,Gnoll,,CE,,,14,65,10,8,20,30,,,,,17,15,15,10,11,13,163,,,,,,,,,,,,,,,,,
Gnoll Pack Lord,2,Monster,Medium,Humanoid,Gnoll,,CE,,,15,49,9,8,9,30,,,,,16,14,13,8,11,9,163,,,,,,,,,,,,,18,,,,
Goat,0,Creature,Medium,Beast,,,U,,,10,4,1,8,,40,,,,,12,10,11,2,10,5,330,,,,,,,30,376,,,,,,,,,1:14
Goblin,0.25,Monster,Small,Humanoid,Goblinoid,,NE,,,15,7,2,6,,30,,,,,8,14,10,10,8,8,166,,,58,,,,30,318,,,,"1:15, 12:25, 13:28",,,,,
Goblin Boss,1,Monster,Small,Humanoid,Goblinoid,,NE,,,17,21,6,6,,30,,,,,10,14,10,10,8,10,166,,,,,,,,,,,,,,,,,
Gold Dragon Wyrmling,3,Monster,Medium,Dragon,,,LG,,,17,60,8,8,24,30,,,60,30,19,14,17,14,11,16,115,,,,,,,,303,,,,,,,,,
Gorgon,5,Monster,Large,Monstrosity,,,U,,,19,114,12,10,48,40,,,,,20,11,18,2,12,7,171,,,,,,,,320,,16,,,,,,,
Goristro,17,Monster,Huge,Fiend,Demon,,CE,,,19,310,23,12,161,40,,,,,25,11,25,6,13,14,59,,,,,,,,,,,,,,,,,
Gray Ooze,0.5,Monster,Medium,Ooze,,,U,,,8,22,3,8,9,10,,10,,,12,6,16,1,6,2,243,,,,,,,,341,11,,,5:20,,,7:22,,
Gray Slaad,9,Monster,Medium,Aberration,Slaad,1,CN,,,18,127,17,8,51,30,,,,,17,17,16,13,8,14,277,,,,,,,,,,,,,,,,,
Green Dragon Wyrmling,2,Monster,Medium,Dragon,,,LE,,,17,38,7,8,7,30,,,60,30,15,12,13,14,11,13,95,,,,,,,,289,,,,,,,,,
Green Hag,3,Monster,Medium,Fey,Hag,,NE,,,17,82,11,8,33,30,,,,,18,12,16,13,14,14,177,,,,,,,,322,,,,"8:25, 12:25",,,,,
Green Hag (in coven),5,Monster,Medium,Fey,Hag,,NE,,,17,82,11,8,33,30,,,,,18,12,16,13,14,14,177,,,,,,,,,,,,,,,,,
Green Slaad,8,Monster,Large,Aberration,Slaad,1,CN,,,16,127,15,10,45,30,,,,,18,15,16,11,8,12,277,,,,,,,,,,,,,,,,,
Grell,3,Monster,Medium,Aberration,,,NE,,,12,55,10,8,10,10,,,30,,15,14,13,12,11,9,172,,,,,,,,,,,,,18,,,,
Grick,2,Monster,Medium,Monstrosity,,,N,,,14,27,6,8,,30,,30,,,14,14,11,3,14,5,173,,,58,,,,30,321,,,,1:31,,,,,
Grick Alpha,7,Monster,Large,Monstrosity,,,N,,,18,75,10,10,20,30,,30,,,18,16,15,4,14,9,173,,,,,,,,,,,,,,,,,
Griffon,2,Monster,Large,Monstrosity,,,U,,,12,59,7,10,21,30,,,80,,18,15,16,2,13,8,174,,,,,,,31,321,11,,,,,,6:34,,
Grimlock,0.25,Monster,Medium,Humanoid,Grimlock,,NE,,,11,11,2,8,2,30,,,,,16,12,12,9,8,6,175,,,,,,,,321,,,,,,,,,
"Grimshackle Brothers, Halfling Bandits",0.125,NPC,Medium,Humanoid,Halfling,,NE,,,12,9,2,8,,25,,,,,9,13,10,11,10,11,,,,,,,,,,,,,9:27,,,,,
Guard,0.125,NPC,Medium,Humanoid,Any,,Any,,,16,11,2,8,2,30,,,,,13,12,12,10,11,10,347,,,,,,,54,394,11,16,,"1:10/31, 2:24, 3:30, 6:27, 9:27, 11:38",,,"1:12, 2:21, 5:24, 6:34, 8:20, 10:26",,"1:22, 2:28, 5:23"
Guard Drake,2,Monster,Medium,Dragon,,,U,,,14,52,7,8,21,30,,,,,16,11,16,4,10,7,,,,,91,90,,,,,,37,"10:33, 13:26",,,,,
Guardian Naga,10,Monster,Large,Monstrosity,Naga,,LG,11,C,18,127,15,10,45,40,,,,,19,18,16,16,19,18,234,,,,,,,,338,,,,,,,,,
Guild Mage,1,NPC,Medium,Humanoid,Any,,LN,4,W,11,22,5,8,,30,,,,,9,14,11,17,12,11,,,,,,,,,,,,,,,,,,5:25
Gynosphinx,11,Monster,Large,Monstrosity,,,LN,9,W,17,136,16,10,48,40,,,60,,18,15,16,18,18,18,282,,,,,,,,351,,,,,,,,,
Half-Dragon Ettin,4,Monster,Large,Giant,,,CE,,,12,85,10,10,30,40,,,,,21,8,17,6,10,8,,,,,,,,,,,,,10:33,,,,,
Half-Dragon Troll,5,Monster,Large,Giant,,,CE,,,15,84,8,10,40,30,,,,,18,13,20,7,9,7,,,,,,,,,,,,,12:26,,,,,
Half-Ogre,1,Monster,Large,Giant,,,*C,,,12,30,4,10,8,30,,,,,17,10,14,7,9,10,238,,,,,,,,,,,,,19,,,,
Half-Red Dragon Veteran,5,Monster,Medium,Humanoid,Human,,Any,,,18,65,10,8,20,30,,,,,16,13,14,10,11,10,180,,,,,,,,324,,16,,,,,,,
Harpy,1,Monster,Medium,Monstrosity,,,CE,,,11,38,7,8,7,20,,,40,,12,13,12,7,10,13,181,,,,,,,31,324,,,,,,,,,
Hawk,0,Creature,Tiny,Beast,,,U,,,13,1,1,4,-1,10,,,60,,5,16,8,2,14,6,330,306,,,,,,31,377,,,,,,,,,
Hell Hound,3,Monster,Medium,Fiend,,,LE,,,15,45,7,8,14,50,,,,,17,12,14,6,13,6,182,,,,,,,32,324,,,,13:27,,,,,4:49
Hellenrae,5,NPC,Medium,Humanoid,Human,,LE,,,16,78,12,8,24,50,,,,,13,18,14,10,15,13,,,,,,,198,,,,,,,,,,,
Helmed Horror,4,Monster,Medium,Construct,,,N,,,20,60,8,8,24,30,,,30,,18,13,16,10,10,10,183,,,,,,,,,11,17,,11:38,19,,13:33,,
Hezrou,8,Monster,Large,Fiend,Demon,,CE,,,16,136,13,10,65,30,,,,,19,17,20,5,12,13,60,,,,,,,,274,,,,,19,,,,"3:30, 4:43, 9:30"
Hill Giant,5,Monster,Huge,Giant,,,CE,,,13,105,10,12,40,40,,,,,21,8,19,5,9,6,155,,,,,,,32,316,,,,,,,,,7:28
Hippogriff,1,Monster,Large,Monstrosity,,,U,,,11,19,3,10,3,40,,,60,,17,13,13,2,12,8,184,,,,,,,32,325,,,,,,,1:12,,
Hobgoblin,0.5,Monster,Medium,Humanoid,Goblinoid,,LE,,,18,11,2,8,2,30,,,,,13,12,12,10,10,9,186,,,59,,,,32,325,12,,,,,,,,
Hobgoblin Captain,3,Monster,Medium,Humanoid,Goblinoid,,LE,,,17,39,6,8,12,30,,,,,15,14,14,12,10,13,186,,,,,,,,,12,,,10:34,20,,,,
Hobgoblin Warlord,6,Monster,Medium,Humanoid,Goblinoid,,LE,,,20,97,13,8,39,30,,,,,16,14,16,14,11,15,187,,,,,,,,,,,,,,,,,
Homunculus,0,Monster,Tiny,Construct,,,N,,,13,5,2,4,,20,,,40,,4,15,11,10,10,7,188,,,,,,,,325,,,,,,,,,
Hook Horror,3,Monster,Large,Monstrosity,,,N,,,15,75,10,10,20,30,,30,,,18,10,15,6,12,7,189,,,,,,,,,,,,,20,,,,
Hook Horror Spore Servant,3,Monster,Medium,Plant,Myconid,,U,,,15,75,10,10,10,20,,20,,,18,10,15,2,6,1,,,,,,,,,,,,,,,,,62,
Horned Devil,11,Monster,Large,Fiend,Devil,,LE,,,18,178,17,10,55,20,,,60,,22,17,21,12,16,17,74,,,,,,,,279,,,,,,,,,
Howling Hatred Initiate,0.125,NPC,Medium,Humanoid,Human,,NE,,,13,9,2,8,,30,,,,,10,15,10,10,9,11,,,,,,,190,,,,,,,,50,"9:58, 13:32",,
Howling Hatred Priest,2,NPC,Medium,Humanoid,Human,,NE,5,S,15,45,10,8,,30,,,,,12,16,10,14,10,14,,,,,,,190,,,,,,,,,13:32,,
Hunter Shark,2,Creature,Large,Beast,,,U,,,12,45,6,10,12,0,,,,40,18,13,15,1,10,4,330,,,,,,,33,377,,,,,,,,,
Hurricane,2,NPC,Medium,Humanoid,Human,,LE,3,S,14,33,6,8,6,45,,,,,12,16,13,10,12,10,,,,,,,191,,,,,,,,50,"6:36, 9:58, 13:32",,
Hydra,8,Monster,Huge,Monstrosity,,,U,,,15,172,15,12,75,30,,,,30,20,12,20,2,10,7,190,,,,,,,33,326,,,,,,,3:27,,
Hyena,0,Creature,Medium,Beast,,,U,,,11,5,1,8,1,50,,,,,11,13,12,2,12,5,331,,,,,,,33,377,,,,,,,,,
Ice Devil,14,Monster,Large,Fiend,Devil,,LE,,,18,180,19,10,76,40,,,,,21,14,18,18,15,18,75,,,,,,,,280,,,,,,,,,
Ice Mephit,0.5,Monster,Small,Elemental,Mephit,,NE,,,11,21,6,6,,30,,,30,,7,13,10,9,11,12,215,,,,,,,,334,,,,,20,,9:52,,
Ice Toad,1,Monster,Medium,Monstrosity,,,N,,,12,32,5,8,10,30,,,,30,13,10,14,8,10,6,,,,,,90,,,,,,,,,,,,
Imix,19,Monster,Huge,Elemental,,,NE,,,17,325,26,12,156,50,,,50,,19,24,22,15,16,23,,,,,,,214,,,,,,,,,,,
Imp,1,Monster,Tiny,Fiend,Devil,1,LE,,,13,10,3,4,3,20,,,40,,6,17,13,11,12,14,76,306,,,,,,,280,,,,8:26,,,,,
Intellect Devourer,2,Monster,Tiny,Aberration,,,LE,,,12,21,6,4,6,40,,,,,6,14,13,12,11,10,191,,,,,,,,,,,,,,,7:22,,
Invisible Stalker,6,Monster,Medium,Elemental,,,N,,,14,104,16,8,32,50,,,50,,16,19,14,10,15,11,192,,,,,,,,326,,,,,21,,"9:55, 13:35",,
Iron Golem,16,Monster,Large,Construct,Golem,,U,,,20,210,20,10,100,30,,,,,24,9,20,3,11,1,170,,,,,,,,319,,,,,,,,,
Ixitxachitl,0.25,Monster,Small,Aberration,,,CE,,,15,18,4,6,4,0,,,,30,12,16,13,12,13,7,,,,,,,,,,,,,,,,,60,
Ixitxachitl Cleric,0.25,Monster,Small,Aberration,,,CE,5,C,15,18,4,6,4,0,,,,30,12,16,13,12,13,7,,,,,,,,,,,,,,,,,61,
Jackal,0,Creature,Small,Beast,,,U,,,12,3,1,6,,40,,,,,8,15,11,3,12,6,331,,,,,,,33,377,,,,,,,,,1:29
Jackalwere,0.5,Monster,Medium,Humanoid,,1,CE,,,12,18,4,8,,40,,,,,11,15,11,13,11,10,193,,,,,,,,,,,,,21,,,,1:29
Jamna Gleamsilver,1,NPC,Small,Humanoid,Gnome,,N,4,W,15,22,4,6,8,25,,,,,8,17,14,15,10,12,,,,,91,,,,,,,,,,,,,
"Jeralla, Sorcerer",2,NPC,Medium,Humanoid,Dragonborn,,CE,5,S,10,21,5,6,5,30,,,,,14,10,12,11,13,16,,,,,,,,,,,,,9:27,,,,,
Karsev the Drowner,2,NPC,Medium,Humanoid,Half-Elf,,CN,4,C,18,33,6,8,6,30,,,,,14,10,12,10,13,14,,,,,,,,,,,,,,,,12:20,,
Kenku,0.25,Monster,Medium,Humanoid,Kenku,,CN,,,13,13,3,8,,30,,,,,10,16,10,11,10,10,194,,,,,,,,,,,,,21,,"10:28, 13:33",,
Killer Whale,3,Creature,Huge,Beast,,,U,,,12,90,12,12,12,0,,,,60,19,10,13,3,12,7,331,,,,,,,34,378,,,,,,,,,
Knight,3,NPC,Medium,Humanoid,Any,,Any,,,18,52,8,8,16,30,,,,,16,11,14,11,11,15,347,,,,,,,54,395,12,17,,"4:22, 9:30, 14:21",,,9:57,,2:28
Kobold,0.125,Monster,Small,Humanoid,Kobold,,LE,,,12,5,2,6,-2,30,,,,,7,15,9,8,7,8,195,,,,,,,34,326,13,18,,"3:30, 4:22, 5:20, 9:28, 10:35, 11:39, 12:26",,,,,
Kraken,23,Monster,Gargantuan,Monstrosity,Titan,,CE,,,18,472,27,20,189,20,,,60,,30,11,25,22,18,20,197,,,,,,,,327,,,,,,,,,
Kuo-toa,0.25,Monster,Medium,Humanoid,Kuo-toa,,NE,,,13,18,4,8,,30,,,,30,13,10,11,11,10,8,199,,,,,,,,,,,,,22,,,,"8:25, 9:28"
Kuo-toa Archpriest,6,Monster,Medium,Humanoid,Kuo-toa,,NE,10,C,13,97,13,8,39,30,,,,30,16,14,16,13,16,14,200,,,,,,,,,,,,,22,,,,"3:25, 8:26, 9:29"
Kuo-toa Monitor,3,Monster,Medium,Humanoid,Kuo-toa,,NE,,,13,65,10,8,20,30,,,,30,14,10,14,12,14,11,198,,,,,,,,,,,,,23,,,,"3:26, 8:26, 9:29"
Kuo-toa Whip,1,Monster,Medium,Humanoid,Kuo-toa,,NE,2,C,11,65,10,8,20,30,,,,30,14,10,14,12,14,11,200,,,,,,,,,,,,,23,,,,"3:25, 8:25, 9:28"
Lacedon,1,Monster,Medium,Undead,,,CE,,,12,22,5,8,,30,,,,30,13,15,10,7,10,6,,,,,,,,,,,,,,,,"8:18, 12:19",,
Lamia,4,Monster,Large,Monstrosity,,,CE,,,13,97,13,10,26,30,,,,,16,13,15,14,15,16,201,,,,,,,,328,,,,,,,,,
Langdedrosa Cyanwrath,4,NPC,Medium,Humanoid,Half-Dragon,,LE,,,17,57,6,12,18,30,,,,,19,13,16,10,14,12,,,,,91,,,,,,,37,10:32,,,,,
Larva,0,Monster,Medium,Fiend,,,NE,,,9,9,2,8,,20,,,,,9,9,10,6,10,2,,,63,,,,,,,,,,,,,,,
Lemure,0,Monster,Medium,Fiend,Devil,,LE,,,7,13,3,8,,15,,,,,10,5,11,1,11,3,76,,,,,,,,281,,,,3:30,,,,,
Lich,21,Monster,Medium,Undead,,,*E,18,W,17,135,18,8,54,30,,,,,11,16,16,20,14,16,202,,,,,,,,328,,,,,23,,,,
Lich (in lair),22,Monster,Medium,Undead,,,*E,18,W,17,135,18,8,54,30,,,,,11,16,16,20,14,16,202,,,,,,,,,,,,,,,,,
Lion,1,Creature,Large,Beast,,,U,,,12,26,4,10,4,50,,,,,17,15,13,3,12,8,331,307,,,,,,34,378,,,,,,,4:26,,1:14
Little Wing,3,NPC,Medium,Humanoid,Human,,CE,5,L,15,52,8,8,16,30,,,30,,12,16,14,11,14,14,,,,,,,,,,,,,,,,10:29,,
Lizard,0,Creature,Tiny,Beast,,,U,,,10,2,1,4,,20,,20,,,2,11,10,1,8,3,332,,,,,,,34,378,,,,,,,,,
Lizardfolk,0.5,Monster,Medium,Humanoid,Lizardfolk,,N,,,15,22,4,8,4,30,,,,30,15,10,13,7,12,7,204,,,,,,,35,329,13,18,,"6:27, 7:22",,,7:20,,
Lizardfolk King/Queen,4,Monster,Medium,Humanoid,Lizardfolk,,CE,,,15,78,12,8,24,30,,,,30,17,12,15,11,11,15,205,,,,,,,,,,,,"7:23, 12:28",24,,,,
Lizardfolk Shaman,2,Monster,Medium,Humanoid,Lizardfolk,,N,5,D,13,27,5,8,5,30,,,,30,15,10,13,10,15,8,205,,,,,,,,,,,,"7:22, 12:27",24,,,,
Mage,6,NPC,Medium,Humanoid,Any,,Any,9,W,12,40,9,8,,30,,,,,9,14,11,17,12,11,347,,,,,,,55,395,13,18,,"10:34, 11:39/41, 13:27, 14:21",,,,,"4:43, 8:24"
Magma Mephit,0.5,Monster,Small,Elemental,Mephit,,NE,,,11,22,5,6,5,30,,,30,,8,12,12,7,10,10,216,,,,,,,,334,,,,,25,,2:25,,
Magmin,0.5,Monster,Small,Elemental,,,CN,,,14,9,2,6,2,30,,,,,7,15,12,8,11,10,212,,,,,,,,332,,,,,25,,"2:23, 5:26",,
Male Steeder,0.25,Monster,Medium,Beast,Spider,,U,,,12,13,2,8,4,30,,30,,,15,12,14,2,10,3,,,,,,,,,,,,,,,,,62,
Mammoth,6,Creature,Huge,Beast,,,U,,,13,126,11,12,55,40,,,,,24,9,21,3,11,6,332,,,,,,,35,379,,,,,,,,,
Manes,0.125,Monster,Small,Fiend,Demon,,CE,,,9,9,2,6,2,20,,,,,10,9,13,3,8,4,60,,,,,,,,,,,,,,,1:39,,1:36
Manticore,3,Monster,Large,Monstrosity,,,LE,,,14,68,8,10,24,30,,,50,,17,16,17,7,12,8,213,,,,,,,35,332,,,,,,,13:34,,
Marid,11,Monster,Large,Elemental,Genie,,CN,,,17,229,17,10,136,30,,,60,90,22,12,26,18,17,18,146,,,,,,,,,,,,,,,,,
Marilith,16,Monster,Large,Fiend,Demon,,CE,,,18,189,18,10,90,40,,,,,18,20,20,18,16,20,61,,,,,,,,275,,,,,,,,,
Marlos Urnrayle,8,Monster,Medium,Monstrosity,,,NE,,,15,136,16,8,64,30,,,,,17,11,18,12,13,17,,,,,,,199,,,,,,,,,,,
Marlos Urnrayle (in lair),12,Monster,Medium,Monstrosity,,,NE,,,15,136,16,8,64,30,,,,,17,11,18,12,13,17,,,,,,,199,,,,,,,,,,,
Mastiff,0.125,Creature,Medium,Beast,,,U,,,12,5,1,8,1,40,,,,,13,14,12,3,12,7,332,307,,,,,,35,379,,,,,,,"2:22, 10:26",,1:14
Medusa,6,Monster,Medium,Monstrosity,,,LE,,,15,127,17,8,51,30,,,,,10,15,16,12,13,15,214,,,,,,,36,333,,,,,,,4:29,,
Meira Faerenduil (Ghost),8,Monster,Medium,Undead,,,LN,,,16,91,14,8,28,0,,,40,,7,16,16,13,11,17,,,,,,,,,,,,,,,,,,7:35
Merfolk,0.125,Monster,Medium,Humanoid,Merfolk,,N,,,11,11,2,8,2,10,,,,40,10,13,12,11,11,12,218,,,,,,,36,335,,,,,,,,,
Merrow,2,Monster,Large,Monstrosity,,,CE,,,13,45,6,10,12,10,,,,40,18,10,15,8,10,9,219,,,,,,,,335,,18,,,25,,12:22,,
Mezzoloth,5,Monster,Medium,Fiend,Yugoloth,,NE,,,18,75,10,8,30,40,,,,,18,11,16,7,10,11,313,,,,,,,,,,,,,26,,,,4:46
Mimic,2,Monster,Medium,Monstrosity,,1,N,,,12,58,9,8,18,15,,,,,17,12,15,5,13,8,220,,,,,,,,335,,,,,,,,,
Mind Flayer,7,Monster,Medium,Aberration,,,LE,,,15,71,13,8,13,30,,,,,11,12,12,19,17,17,222,,,,,,,,,,,,,,,,,"3:27, 8:28"
Mind Flayer Arcanist,8,Monster,Medium,Aberration,,,LE,10,W,15,71,13,8,13,30,,,,,11,12,12,19,17,17,222,,,,,,,,,,,,,,,,,
Miner,0.125,NPC,Medium,Humanoid,Human,,N,,,12,11,2,8,2,30,,,,,13,12,12,10,10,10,,,,,,,,,,,,,,,,4:28,,
Minotaur,3,Monster,Large,Monstrosity,,,CE,,,14,76,9,10,27,40,,,,,18,11,16,6,16,9,223,,,,,,,36,336,,,,9:28,,,,,
Minotaur Skeleton,2,Monster,Large,Undead,,,LE,,,12,67,9,10,18,40,,,,,18,11,15,6,8,5,273,,,,,,,,349,,,,11:39,,,,,
Miraj Vizann,6,NPC,Medium,Humanoid,Earth Genasi,,NE,11,S,10,82,11,8,33,30,,,,,12,10,17,13,11,18,,,,,,,198,,,,,,,,,,,
Monodrone,0.125,Monster,Medium,Construct,Modron,,LN,,,15,5,1,8,1,30,,,30,,10,13,12,4,10,5,224,,,,,,,,,,,,,,,,,
Mormesk the Wraith,3,Monster,Medium,Undead,,,NE,,,13,45,6,8,18,0,,,60,,6,16,16,12,14,15,,,,59,,,,,,,,,,,,,,
Mud Mephit,0.25,Monster,Small,Elemental,Mephit,,NE,,,11,27,6,6,6,20,,,20,20,8,12,12,9,11,7,216,,,,,,,,,,,,,26,,"7:21, 12:20",,
Mule,0.125,Creature,Medium,Beast,,,U,,,10,11,2,8,2,40,,,,,14,10,13,2,10,5,333,307,,,,,,37,379,,,,,,,,,
Mummy,3,Monster,Medium,Undead,,,LE,,,11,58,9,8,18,20,,,,,16,8,15,6,10,12,228,,,,,,,37,336,,19,,,,,,,
Mummy Lord,15,Monster,Medium,Undead,,,LE,10,C,17,97,13,8,39,20,,,,,18,10,17,11,18,16,229,,,,,,,,337,,19,,,,,,,
Mummy Lord (in lair),16,Monster,Medium,Undead,,,LE,10,C,17,97,13,8,39,20,,,,,18,10,17,11,18,16,229,,,,,,,,,,,,,,,,,
Musanna,2,NPC,Medium,Humanoid,Elf,,NG,5,C,13,27,5,8,5,30,,,,,12,12,12,13,14,13,,,,,,,,,,,,,,,,12:21,,
Myconid Adult,0.5,Monster,Medium,Plant,Myconid,,LN,,,12,22,4,8,4,20,,,,,10,10,12,10,13,7,232,,,,,,,,,,,,,,,,,3:26
Myconid Sovereign,2,Monster,Large,Plant,Myconid,,LN,,,13,60,8,10,16,30,,,,,12,10,14,13,15,10,232,,,,,,,,,,,,,,,,,3:27
Myconid Sprout,0,Monster,Small,Plant,Myconid,,LN,,,10,7,2,6,,10,,,,,8,10,10,8,11,5,230,,,,,,,,,,,,,,,,,
Naergoth Bladelord,11,Monster,Medium,Undead,,,NE,,,18,135,18,8,54,30,,,,,20,12,16,12,14,16,,,,,,90,,,,,,,,,,,,
Nalfeshnee,13,Monster,Large,Fiend,Demon,,CE,,,18,184,16,10,96,20,,,30,,21,10,22,19,12,15,62,,,,,,,,275,,,,,,,,,4:50
Needle Blight,0.25,Monster,Medium,Plant,,,NE,,,12,11,2,8,2,30,,,,,12,12,13,4,8,3,32,,,,,,,,,,,,8:26,,,,,
Neronvain,9,NPC,Medium,Humanoid,Elf,,NE,,,17,117,18,8,36,30,,,,,8,17,15,16,13,18,,,,,,91,,,,,,,,,,,,
Nezznar the Black Spider,2,NPC,Medium,Humanoid,Elf,,NE,,,11,27,6,8,,30,,,,,9,13,10,16,14,13,,,,59,,,,,,,,,,,,,,
Night Hag,5,Monster,Medium,Fiend,Hag,,NE,,,17,112,15,8,45,30,,,,,18,15,16,16,14,16,178,,,,,,,,322,,,,,,,,,
Night Hag (in coven),7,Monster,Medium,Fiend,Hag,,NE,,,17,112,15,8,45,30,,,,,18,15,16,16,14,16,178,,,,,,,,,,,,,,,,,4:48
Nightmare,3,Monster,Large,Fiend,,,NE,,,13,68,8,10,24,60,,,90,,18,15,16,10,13,15,235,,,,,,,,339,,,,,,,4:29,,
Noble,0.125,NPC,Medium,Humanoid,Any,,Any,,,15,9,2,8,,30,,,,,11,12,11,12,14,16,348,,,,,,,,396,13,20,,,26,,"6:34, 10:29",,
Nothic,2,Monster,Medium,Aberration,,,LE,,,15,45,6,8,18,30,,,,,14,16,16,13,10,8,236,,,60,,,,37,,,,,,,,,,
Nycaloth,9,Monster,Large,Fiend,Yugoloth,,NE,,,18,123,13,10,52,40,,,60,,20,11,19,12,10,15,314,,,,,,,,,,,,,27,,,,4:46
Ochre Jelly,2,Monster,Large,Ooze,,,U,,,8,45,6,10,12,10,,10,,,15,6,14,2,6,1,243,,,60,,,,38,341,,,,11:40,,,,,7:32
Octopus,0,Creature,Small,Beast,,,U,,,12,3,1,6,,5,,,,30,4,15,11,3,10,4,333,,,,,,,38,379,,,,,,,,,
Ogre,2,Monster,Large,Giant,,,CE,,,11,59,7,10,21,40,,,,,19,8,16,5,7,7,237,,,60,,,,38,339,14,20,,,,,,,4:49
Ogre Zombie,2,Monster,Large,Undead,,,NE,,,8,85,9,10,36,30,,,,,19,6,18,3,6,5,316,,,,,,,,360,,,,,,,,,
Ogr_moch,20,Monster,Gargantuan,Elemental,,,NE,,,20,526,27,20,243,50,50,,,,26,11,28,11,15,22,,,,,,,216,,,,,,,,,,,
Olhydra,18,Monster,Huge,Elemental,,,NE,,,18,324,24,12,168,50,,,,100,21,22,24,17,18,23,,,,,,,218,,,,,,,,,,,
One-Eyed Shiver,3,NPC,Medium,Humanoid,Human,,CE,5,S,12,49,9,8,9,30,,,,,10,14,12,13,13,17,,,,,,,207,,,,,,,,,,,
Oni,7,Monster,Large,Giant,,,LE,,,16,110,13,10,39,30,,,30,,19,11,16,14,12,15,239,,,,,,,,339,,,,,27,,,,
Orc,0.5,Monster,Medium,Humanoid,Orc,,CE,,,13,15,2,8,6,30,,,,,16,12,16,7,11,10,246,,,61,,,,39,342,14,,,"9:29, 13:28",,,,,
Orc Eye of Gruumsh,2,Monster,Medium,Humanoid,Orc,,CE,3,C,16,45,6,8,18,30,,,,,16,12,16,9,13,12,247,,,,,,,,,,,,,28,,,,
Orc War Chief,4,Monster,Medium,Humanoid,Orc,,CE,,,16,93,11,8,44,30,,,,,18,12,18,11,11,16,246,,,,,,,,,,,,,,,,,
Oreioth,2,NPC,Medium,Humanoid,Human,,CE,6,W,11,39,6,8,12,30,,,,,8,13,14,16,9,11,,,,,,,211,,,,,,,,53,,,
Orog,2,Monster,Medium,Humanoid,Orc,,CE,,,18,42,5,8,20,30,,,,,18,12,18,12,11,12,247,,,,,,,,,,,,"9:29, 13:28",28,,,,
Otyugh,5,Monster,Large,Aberration,,,N,,,14,114,12,10,48,30,,,,,16,11,19,6,13,6,248,,,,,,,,342,14,20,,,,,9:50,,
Owl,0,Creature,Tiny,Beast,,,U,,,11,1,1,4,-1,5,,,60,,3,13,8,2,12,7,333,308,,,,,,39,380,,,,,,,,,
Owlbear,3,Monster,Large,Monstrosity,,,U,,,13,59,7,10,21,40,,,,,20,12,17,3,12,7,249,,,61,,,,39,342,,,,9:29,,,,,
Panther,0.25,Creature,Medium,Beast,,,U,,,12,13,3,8,,50,,40,,,14,15,10,3,14,7,333,308,,,,,,39,380,,,,8:26,,,,,
Pegasus,2,Monster,Large,Celestial,,,CG,,,12,59,7,10,21,60,,,90,,18,15,16,10,15,13,250,,,,,,,40,343,,,,,,,,,
Pentadrone,2,Monster,Large,Construct,Modron,,LN,,,16,32,5,10,5,40,,,,,15,14,12,10,10,13,226,,,,,,,,,,,,,,,,,
Peryton,2,Monster,Medium,Monstrosity,,,CE,,,13,33,6,8,6,20,,,60,,16,12,13,9,12,10,251,,,,,,,,,15,,,13:29,28,,,,
Pharblex Spattergoo,3,Monster,Medium,Humanoid,Bullywug,,CE,6,D,15,59,7,8,28,20,,,,40,15,12,18,11,16,7,,,,,91,,,,,,,,,,,,,
Phase Spider,3,Creature,Large,Monstrosity,Spider,,U,,,13,32,5,10,5,30,,30,,,15,15,12,6,10,6,334,,,,,,,40,380,,,,,,,,,
Piercer,0.5,Monster,Medium,Monstrosity,,,U,,,15,22,3,8,9,5,,5,,,10,13,16,1,7,3,252,,,,,,,,,,,,,28,,,,
Pit Fiend,20,Monster,Large,Fiend,Devil,,LE,,,19,300,24,10,168,30,,,60,,26,14,24,22,18,24,77,,,,,,,,281,,,,,,,,,
Pixie,0.25,Monster,Tiny,Fey,,,NG,,,15,1,1,4,-1,10,,,30,,2,20,8,10,14,15,253,,,,,,,,,,,,8:27,,,,,
Planetar,16,Monster,Large,Celestial,,,LG,,,19,200,16,10,112,40,,,120,,24,20,24,19,22,25,17,,,,,,,,265,,,,,,,,,
Plesiosaurus,2,Monster,Large,Beast,Dinosaur,,U,,,13,68,8,10,24,20,,,,40,18,15,16,2,12,5,80,,,,,,,40,282,,,,,,,,,
Poisonous Snake,0.125,Creature,Tiny,Beast,,,U,,,13,2,1,4,,30,,,,30,2,16,11,1,10,3,334,308,,,,,,40,381,,,,,,,,,
Polar Bear,2,Creature,Large,Beast,,,U,,,12,42,5,10,15,40,,,,30,20,10,16,2,13,7,334,,,,,,,41,381,,21,,,,,9:54,,
Poltergeist,2,Monster,Medium,Undead,,,CE,,,12,22,5,8,,0,,,50,,1,14,11,10,10,11,279,,,,,,,,,,,,,,,,,
Pony,0.125,Creature,Medium,Beast,,,U,,,10,11,2,8,2,40,,,,,15,10,13,2,11,7,335,,,,,,,41,381,,,,,,,,,
Priest,2,NPC,Medium,Humanoid,Any,,Any,5,C,13,27,5,8,5,25,,,,,10,10,12,13,16,13,348,,,,,,,55,396,15,,,10:34,,,,,
Pseudodragon,0.25,Monster,Tiny,Dragon,,,NG,,,13,7,2,4,2,15,,,60,,6,15,13,10,12,10,254,308,,,,,,,343,,21,,,,,,,
Psychic Gray Ooze,0.5,Monster,Medium,Ooze,,,U,,,8,22,3,8,9,10,,10,,,12,6,16,6,6,2,240,,,,,,,,,11,,,5:20,,,,,
Pteranodon,0.25,Monster,Medium,Beast,Dinosaur,,U,,,13,13,3,8,,10,,,60,,12,15,10,2,9,5,80,,,,,,,41,,,,,,,,,,
Purple Worm,15,Monster,Gargantuan,Monstrosity,,,U,,,18,247,15,20,90,50,30,,,,28,7,22,1,8,4,255,,,,,,,,343,,,,,29,,,,
Quadrone,1,Monster,Medium,Construct,Modron,,LN,,,16,22,4,8,4,30,,,30,,12,14,12,10,10,11,226,,,,,,,,,,,,,,,,,
Quaggoth,2,Monster,Medium,Humanoid,Quaggoth,,CN,,,13,45,6,8,18,30,,30,,,17,12,16,6,12,7,256,,,,,,,,,,,,,,,,,3:29
Quaggoth Spore Servant,1,Monster,Medium,Plant,Myconid,,U,,,13,45,6,8,18,20,,20,,,17,12,16,2,6,1,230,,,,,,,,,,,,,,,,,
Quaggoth Thonot,3,Monster,Medium,Humanoid,Quaggoth,,CN,,,13,45,6,8,18,30,,30,,,17,12,16,6,12,7,256,,,,,,,,,,,,,,,,,
Quasit,1,Monster,Tiny,Fiend,Demon,1,CE,,,13,7,3,4,,40,,,,,5,17,10,7,10,10,63,309,,,,,,,276,,,,,,,1:39,,5:25
Quipper,0,Creature,Tiny,Beast,,,U,,,13,1,1,4,-1,0,,,,40,2,16,9,1,7,2,335,,,,,,,41,382,,,,,,,,,
Rakshasa,13,Monster,Medium,Fiend,,,LE,,,16,110,13,8,52,40,,,,,14,17,18,13,16,20,257,,,,,,,,344,,,,,,,,,
Rat,0,Creature,Tiny,Beast,,,U,,,10,1,1,4,-1,20,,,,,2,11,9,2,10,4,335,309,,,,,,41,382,,,,,,,,,
Rath Modar,6,NPC,Medium,Humanoid,Human,,LE,11,W,13,71,11,8,22,30,,,,,11,16,14,18,14,10,,,,,92,91,,,,,,,,,,,,
Raven,0,Creature,Tiny,Beast,,,U,,,12,1,1,4,-1,10,,,50,,2,14,8,2,12,6,335,309,,,,,,42,382,,,,,,,,,
Razerblast,5,NPC,Medium,Humanoid,Human,,CE,,,17,112,15,8,75,30,,,,,16,11,16,9,10,13,,,,,,,201,,,,,,,,,,,
Red Dragon Wyrmling,4,Monster,Medium,Dragon,,,CE,,,17,75,10,8,30,30,,30,60,,19,10,17,12,11,15,98,,,,,,,,291,,,,,,,,,
Red Plume Cavalry Officer,1,NPC,Medium,Humanoid,Human,,Any,,,17,32,5,8,10,30,,,,,15,11,14,11,11,10,,,,,,,,,,,,,,,,,,5:25
Red Plume Patrol,1,NPC,Medium,Humanoid,Human,,LN,,,16,27,5,8,5,30,,,,,13,10,12,10,11,10,,,,,,,,,,,,,,,,,,"2:26, 5:23"
Red Slaad,5,Monster,Large,Aberration,Slaad,,CN,,,14,93,11,10,33,30,,,,,16,12,16,6,6,7,276,,,,,,,,,,,,11:41,,,,,
Redbrand Ruffian,0.5,NPC,Medium,Humanoid,Human,,NE,,,14,16,3,8,3,30,,,,,11,14,12,9,9,11,,,,61,,,,,,,,,,,,,,
Reef Shark,0.5,Creature,Medium,Beast,,,U,,,12,22,4,8,4,0,,,,40,14,13,13,1,10,4,336,309,,,,,,42,382,,,,,,,,,
Remorhaz,11,Monster,Huge,Monstrosity,,,U,,,17,195,17,12,85,30,20,,,,24,13,21,4,10,5,258,,,,,,,,344,,,,,,,,,
Remorhaz Hatchling,2,Monster,Medium,Monstrosity,,,U,,,12,45,6,8,18,30,20,,,,16,13,16,3,10,4,,,,,,,,,,,,,,,,9:54,,
Revenant,5,Monster,Medium,Undead,,,N,,,13,136,16,8,64,30,,,,,18,14,18,13,16,18,259,,,,,,,,,,,,,29,,,,
Rezmir,7,NPC,Medium,Humanoid,Half-Dragon,,NE,,,13,90,12,8,36,30,,,,,18,16,16,15,12,14,,,,,93,,,,,,,,,,,,,
Rhinoceros,2,Creature,Large,Beast,,,U,,,11,45,6,10,12,40,,,,,21,8,15,2,12,6,336,,,,,,,42,383,,,,,,,,,
Riding Horse,0.25,Creature,Large,Beast,,,U,,,10,13,2,10,2,60,,,,,16,10,12,2,11,7,336,310,,,,,,42,383,,,,,,,,,5:26
Roc,11,Monster,Gargantuan,Monstrosity,,,U,,,15,248,16,20,80,20,,,120,,28,10,20,3,10,9,260,,,,,,,,345,,,,,,,,,
Roper,5,Monster,Large,Monstrosity,,,NE,,,20,93,11,10,33,10,,10,,,18,8,17,7,16,6,261,,,,,,,,345,15,,,,30,,,,4:40
Roth_ Zombie,0.5,Monster,Large,Undead,,,NE,,,8,22,3,8,9,30,,,,,17,6,16,2,6,6,,,,,,,,,,,,,,,,,,1:42
Rug of Smothering,2,Monster,Large,Construct,,,U,,,12,33,6,10,,10,,,,,17,14,10,1,3,1,20,,,,,,,,267,16,,,,,,,,
Rust Monster,0.5,Monster,Medium,Monstrosity,,,U,,,14,27,5,8,5,40,,,,,13,12,13,2,13,6,262,,,,,,,,346,,,,,30,,,,
Saber-Toothed Tiger,2,Creature,Large,Beast,,,U,,,12,52,7,10,14,40,,,,,18,14,15,3,12,8,336,,,,,,,43,383,,,,13:29,,,,,
Sacred Stone Monk,0.5,NPC,Medium,Humanoid,Human,,LE,,,14,22,4,8,4,40,,,,,13,15,12,10,14,9,,,,,,,196,,,,,,,,,7:22,,
Sahuagin,0.5,Monster,Medium,Humanoid,Sahuagin,,LE,,,12,22,4,8,4,30,,,,40,13,11,12,12,13,9,263,,,,,,,,346,,,,11:42,,,,,
Sahuagin Baron,5,Monster,Large,Humanoid,Sahuagin,,LE,,,16,76,9,10,27,30,,,,50,19,15,16,14,13,17,264,,,,,,,,,,,,11:42,,,,,
Sahuagin Priestess,2,Monster,Medium,Humanoid,Sahuagin,,LE,6,C,12,33,6,8,6,30,,,,40,13,11,12,12,14,13,264,,,,,,,,,,,,11:43,,,,,
Salamander,5,Monster,Large,Elemental,,,NE,,,15,90,12,10,24,30,,,,,18,14,15,11,10,12,266,,,,,,,,346,,,,,30,,,,
Satyr,0.5,Monster,Medium,Fey,,,CN,,,14,31,7,8,,40,,,,,12,16,11,12,10,14,267,,,,,,,43,347,,,,,,,,,
Scarecrow,1,Monster,Medium,Construct,,,CE,,,11,36,8,8,,30,,,,,11,13,11,10,10,13,268,,,,,,,,,,,,8:27,,,,,
Scorpion,0,Creature,Tiny,Beast,,,U,,,11,1,1,4,-1,10,,,,,2,11,8,1,8,2,337,,,,,,,43,383,,,,,,,,,
Scout,0.5,NPC,Medium,Humanoid,Any,,Any,,,13,16,3,8,3,30,,,,,11,14,12,11,13,11,349,,,,,,,,396,16,,,"1:31, 3:31, 8:27, 9:28/30, 11:43",31,,"7:20, 8:21, 9:56",,2:26
Sea Hag,2,Monster,Medium,Fey,Hag,,CE,,,14,52,7,8,21,30,,,,40,16,13,16,12,12,13,179,,,,,,,,323,,,,,31,,,,
Sea Hag (in coven),4,Monster,Medium,Fey,Hag,,CE,,,14,52,7,8,21,30,,,,40,16,13,16,12,12,13,179,,,,,,,,,,,,,,,,,
Sea Horse,-,Creature,Tiny,Beast,,,U,,,11,1,1,4,-1,0,,,,20,1,12,8,1,10,2,337,,,,,,,43,384,,,,,,,,,
Sergeant Kalugin,2,NPC,Medium,Humanoid,Human,,LN,,,15,52,8,8,20,30,,,,,16,12,14,12,14,14,,,,,,,,,,,,,,,,10:26,,
Severin,11,NPC,Medium,Humanoid,Human,,NE,,,16,150,20,8,60,30,,,,,10,13,16,17,12,20,,,,,,92,,,,,,,,,,,,
Shadow,0.5,Monster,Medium,Undead,,,CE,,,12,16,3,8,3,40,,,,,6,14,13,6,10,8,269,,,,,,,,347,,,,"6:27, 13:30",31,,11:20,,1:42
Shadow Demon,4,Monster,Medium,Fiend,Demon,,CE,,,13,66,12,8,12,30,,,30,,1,17,12,14,13,14,64,,,,,,,,,,,,,32,,13:34,,"3:29, 7:31, 8:29"
Shambling Mound,5,Monster,Large,Plant,,,U,,,15,136,16,10,48,20,,,,20,18,8,16,5,10,5,270,,,,,,,,348,16,,,"12:28, 14:21",,,,,
Shard of Ogr_moch,0.5,Monster,Medium,Elemental,,,NE,,,11,22,3,8,9,40,,,,,16,8,16,3,8,3,,,,,,,,,,,,,,,,11:20,,
Shield Guardian,7,Monster,Large,Construct,,,U,,,17,142,15,10,60,30,,,,,18,8,18,7,10,3,271,,,,,,,,348,,,,10:35,32,,,,4:45
Shoalar Quanderil,4,NPC,Medium,Humanoid,Water Genasi,,LE,5,S,10,60,8,8,24,30,,,,30,11,12,16,14,10,17,,,,,,,208,,,,,,,,52,,,
Shrieker,0,Monster,Medium,Plant,,,U,,,5,13,3,8,,0,,,,,1,1,10,1,3,1,138,,,,,,,,311,,,,,,,,,
Sildar Hallwinter,1,NPC,Medium,Humanoid,Human,,NG,,,16,27,5,8,5,30,,,,,13,10,12,10,11,10,,,,61,,,,,,,,,,,,,,
Silver Dragon Wyrmling,2,Monster,Medium,Dragon,,,LG,,,17,45,6,8,18,30,,,60,,19,10,17,12,11,15,118,,,,,,,,306,,,,,,,,,
Skeleton,0.25,Monster,Medium,Undead,,,LE,,,13,13,2,8,4,30,,,,,10,14,15,6,8,5,272,310,,62,,,,43,349,,,,"1:21, 2:25, 4:23, 5:21, 11:43",,,"3:26, 8:21",,
Skyweaver,3,NPC,Medium,Humanoid,Human,,CE,6,S,12,44,8,8,8,30,,,,,8,14,12,11,10,16,,,,,,,191,,,,,,,,50,"9:59, 13:36",,
Slaad Tadpole,0.125,Monster,Tiny,Aberration,Slaad,,CN,,,12,10,4,4,,30,,,,,7,15,10,3,5,3,276,,,,,,,,,,,,11:44,,,,,
Smoke Mephit,0.25,Monster,Small,Elemental,Mephit,,NE,,,12,22,5,6,5,30,,,30,,6,14,12,10,10,11,217,,,,,,,,,,,,,32,,"2:22, 9:59",,
Solar,21,Monster,Large,Celestial,,,LG,,,21,243,18,10,144,50,,,150,,26,22,26,25,25,30,18,,,,,,,,265,,,,,,,,,
Spectator,3,Monster,Medium,Aberration,,,LN,,,14,39,6,8,12,0,,,30,,8,14,14,13,14,11,30,,,62,,,,44,,,,,,,,,,
Specter,1,Monster,Medium,Undead,,,CE,,,12,22,5,8,,0,,,50,,1,14,11,10,10,11,279,,,,,,,,349,17,21,,"6:28, 11:40",33,,11:20,,
Spellcaster Vampire,15,Monster,Medium,Undead,Vampire,1,LE,9,W,16,144,17,8,68,30,,,,,18,18,18,17,15,18,298,,,,,,,,,,,,,,,,,
Spider,0,Creature,Tiny,Beast,Spider,,U,,,12,1,1,4,-1,20,,20,,,2,14,8,1,10,2,337,,,,,,,44,384,,,,9:31,,,,,
Spined Devil,2,Monster,Small,Fiend,Devil,,LE,,,13,22,5,6,5,20,,,40,,10,15,12,11,14,8,78,,,,,,,,,,,,,,,,,
Spirit Naga,8,Monster,Large,Monstrosity,Naga,,CE,10,W,15,75,10,10,20,40,,,,,18,17,14,16,15,16,234,,,,,,,,338,,,,,,,,,
Sprite,0.25,Monster,Tiny,Fey,,,NG,,,15,2,1,4,,10,,,40,,3,18,10,14,13,11,283,310,,,,,,,351,,,,,33,,,,
Spy,1,NPC,Medium,Humanoid,Any,,Any,,,12,27,6,8,,30,,,,,10,15,10,12,14,16,349,,,,,,,,397,17,,,"1:10, 4:23, 6:28, 8:28, 11:44",33,,"2:21, 5:24, 6:35, 7:23",,"2:27, 8:24"
Steam Mephit,0.25,Monster,Small,Elemental,Mephit,,NE,,,10,21,6,6,,30,,,30,,5,11,10,11,10,12,217,,,,,,,,334,,,,,34,,"2:24, 9:59",,
Stirge,0.125,Monster,Tiny,Beast,,,U,,,14,2,1,4,,10,,,40,,4,16,11,2,8,6,284,,,62,,,,44,352,17,,,,,,11:22,,
Stone Dwarf,3,NPC,Medium,Humanoid,Dwarf,,N,,,15,67,9,8,27,30,,,,,18,16,16,10,12,15,,,,,,,,,,,,,,,,4:26,,
Stone Giant,7,Monster,Huge,Giant,,,N,,,17,126,11,12,55,40,,,,,23,15,20,10,12,9,156,,,,,,,,316,18,,,13:30,,,,,
Stone Giant Shaman,8,Monster,Huge,Giant,,,LE,,,17,126,11,12,55,40,,,,,23,15,20,10,12,14,,,,,,,,,,,,,13:27,,,,,
Stone Golem,10,Monster,Large,Construct,Golem,,U,,,17,178,17,10,85,30,,,,,22,9,20,3,11,1,170,,,,,,,45,320,18,,,,,,,,4:44
Stonemelder,4,NPC,Medium,Humanoid,Human,,NE,7,S,17,75,10,8,30,30,,,,,15,10,16,12,11,17,,,,,,,197,,,,,,,,,,,
Storm Giant,13,Monster,Huge,Giant,,,LG,,,16,230,20,12,100,50,,,,50,29,14,20,16,18,18,156,,,,,,,,316,,,,,,,,,
"Stormgale, Cult Leader",6,NPC,Medium,Humanoid,Human,,NE,10,W,12,66,10,8,12,30,,,,,10,14,12,20,15,16,,,,,,,,,,,,,,,,13:36,,
Succubus/Incubus,4,Monster,Medium,Fiend,,1,NE,,,15,66,12,8,12,30,,,60,,8,17,13,15,12,20,285,,,,,,,,352,,22,,,,,,,8:29
Swarm of Bats,0.25,Creature,Medium,Beast,Swarm,,U,,,12,22,5,8,,0,,,30,,5,15,10,2,12,4,337,,,,,,,45,384,,,,,,,,,
Swarm of Beetles,0.5,Creature,Medium,Beast,Swarm,,U,,,12,22,5,8,,20,5,20,,,3,13,10,1,7,1,338,,,,,,,45,386,18,,,,,,3:24,,
Swarm of Insects,0.5,Creature,Medium,Beast,Swarm,,U,,,12,22,5,8,,20,,20,,,3,13,10,1,7,1,338,,,,,,,45,384,18,,,,,,"3:24, 9:50",,
Swarm of Poisonous Snakes,2,Creature,Medium,Beast,Swarm,,U,,,14,36,8,8,,30,,,,30,8,18,11,1,10,3,338,,,,,,,46,385,,22,,,,,,,
Swarm of Quippers,1,Creature,Medium,Beast,Swarm,,U,,,13,28,8,8,-8,0,,,,40,13,16,9,1,7,2,338,,,,,,,46,385,,,,11:44,,,8:21,,"2:29, 9:30"
Swarm of Rats,0.25,Creature,Medium,Beast,Swarm,,U,,,10,24,7,8,-7,30,,,,,9,11,9,2,10,3,339,,,,,,,46,385,19,,,,,,"3:24, 10:27",,6:18
Swarm of Ravens,0.25,Creature,Medium,Beast,Swarm,,U,,,12,24,7,8,-7,10,,,50,,6,14,8,3,12,6,339,,,,,,,46,386,,22,,,,,6:35,,
Swarm of Wasps,0.5,Creature,Medium,Beast,Swarm,,U,,,12,22,5,8,,5,,,30,,3,13,10,1,7,1,338,,,,,,,45,386,18,,,,,,3:24,,
Talis the White,5,NPC,Medium,Humanoid,Half-Elf,,LE,9,C,18,58,9,8,18,30,,,,,14,12,14,10,16,16,,,,,93,,,,,,,,,,,,,
Tarrasque,30,Monster,Gargantuan,Monstrosity,Titan,,U,,,25,676,33,20,330,40,,,,,30,11,30,3,11,11,286,,,,,,,,353,,,,,,,,,
Three Crones,0.25,NPC,Medium,Humanoid,Human,,CN,1,C,12,9,2,8,,30,,,,,10,10,11,10,12,12,,,,,,,,,,,,,3:31,,,,,
Thri-kreen,1,Monster,Medium,Humanoid,Thri-kreen,,CN,,,15,33,6,8,6,40,,,,,12,15,13,8,12,7,288,,,,,,,,,,,,,,,,,
Thug,0.5,NPC,Medium,Humanoid,Any,,!G,,,11,32,5,8,10,30,,,,,15,11,14,10,10,11,350,,,,,,,55,397,,,,"1:10, 2:25, 4:23, 6:28, 9:31, 11:35, 13:30/32, 14:22",,,"1:19, 2:21, 3:22/23, 4:25, 5:24, 6:35, 8:21, 9:55",,"2:30, 5:24, 6:18, 9:27"
Thurl Merosska,3,NPC,Medium,Humanoid,Human,,LE,5,S,16,71,11,8,21,30,,,,,16,14,14,11,10,15,,,,,,,192,,,,,,,,51,,,
Tiamat,30,Monster,Gargantuan,Fiend,,,CE,,,25,615,30,20,300,60,,,120,,30,10,30,26,26,28,,,,,,92,,,,,,,,,,,,
Tiger,1,Creature,Large,Beast,,,U,,,12,37,5,10,10,40,,,,,17,15,14,3,12,8,339,311,,,,,,47,386,,,,,,,,,
Treant,9,Monster,Huge,Plant,,,CG,,,16,138,12,12,60,30,,,,,23,8,21,12,16,12,289,,,,,,,,354,,,,,,,,,7:29
Tribal Warrior,0.125,NPC,Medium,Humanoid,Any,,Any,,,12,11,2,8,2,30,,,,,13,11,12,8,11,8,350,,,,,,,,397,,23,,8:28,34,,,,
Triceratops,5,Monster,Huge,Beast,Dinosaur,,U,,,13,95,10,12,30,50,,,,,22,9,17,2,11,5,80,,,,,,,47,,,,,,,,,,
Tridrone,0.5,Monster,Medium,Construct,Modron,,LN,,,15,16,3,8,3,30,,,,,12,13,12,9,10,9,225,,,,,,,,,,,,,,,,,
Troglodyte,0.25,Monster,Medium,Humanoid,Troglodyte,,CE,,,11,13,2,8,4,30,,,,,14,10,14,6,10,6,290,,,,,,,,,19,,,,34,,"8:22, 11:22",,
Troll,5,Monster,Large,Giant,,,CE,,,15,84,8,10,40,30,,,,,18,13,20,7,9,7,291,,,,,,,47,354,19,23,,12:28,,,,,
Twig Blight,0.125,Monster,Small,Plant,,,NE,,,13,4,1,6,1,20,,,,,6,13,12,4,8,3,32,,,63,,,,47,,,,,,,,,,
Tyrannosaurus Rex,8,Monster,Huge,Beast,Dinosaur,,U,,,13,136,13,12,52,50,,,,,25,10,19,2,12,9,80,,,,,,,48,282,,,,,,,,,
Ultroloth,13,Monster,Medium,Fiend,Yugoloth,,NE,,,19,153,18,8,72,30,,,60,,16,16,18,18,15,19,314,,,,,,,,,,,,,,,,,4:47
Umber Hulk,5,Monster,Large,Monstrosity,,,CE,,,18,93,11,10,33,30,20,,,,20,13,16,9,10,10,292,,,,,,,,,,,,,35,,9:52,,8:27
Unicorn,5,Monster,Large,Celestial,,,LG,,,12,67,9,10,18,50,,,,,18,14,15,11,17,16,294,,,,,,,,354,,,,,,,,,
Vampire,13,Monster,Medium,Undead,Vampire,1,LE,,,16,144,17,8,68,30,,,,,18,18,18,17,15,18,297,,,,,,,,355,20,24,,,,,,,
Vampire Spawn,5,Monster,Medium,Undead,Vampire,,NE,,,15,82,11,8,33,30,,,,,16,16,16,11,10,12,298,,,,,,,,357,21,23,,,35,,,,
Vampiric Ixitxachitl,2,Monster,Medium,Aberration,,,CE,,,16,44,8,8,8,0,,,,30,14,18,13,12,13,7,,,,,,,,,,,,,,,,,61,
Vampiric Ixitxachitl Cleric,2,Monster,Medium,Aberration,,,CE,5,C,16,44,8,8,8,0,,,,30,14,18,13,12,13,7,,,,,,,,,,,,,,,,,61,
Vanifer,9,NPC,Medium,Humanoid,Tiefling,,NE,10,S,15,112,15,8,45,30,,,,,11,16,17,12,13,19,,,,,,,203,,,,,,,,,,,
Vanifer (in lair),12,NPC,Medium,Humanoid,Tiefling,,NE,10,S,15,112,15,8,45,30,,,,,11,16,17,12,13,19,,,,,,,203,,,,,,,,,,,
Veteran,3,NPC,Medium,Humanoid,Any,,Any,,,17,58,9,8,18,30,,,,,16,13,14,10,11,10,350,,,,,,,,398,21,,,"3:29, 10:36, 11:45, 14:22",35,,"2:24, 4:25, 8:22",,"2:29, 3:30, 8:24, 9:27"
Vine Blight,0.5,Monster,Medium,Plant,,,NE,,,12,26,4,8,8,10,,,,,15,8,14,5,10,3,32,,,,,,,,,,,,14:22,,,,,7:29
Violet Fungus,0.25,Monster,Medium,Plant,,,U,,,5,18,4,8,,5,,,,,3,1,10,1,3,1,138,,,,,,,,312,21,,,,36,,7:21,,
Vrock,6,Monster,Large,Fiend,Demon,,CE,,,15,104,11,10,44,40,,,60,,17,15,18,8,13,8,64,,,,,,,,276,,,,,36,,,,4:50
Vulture,0,Creature,Medium,Beast,,,U,,,10,5,1,8,1,10,,,50,,7,10,13,2,12,4,339,,,,,,,48,387,,,,,,,,,
Warhorse,0.5,Creature,Large,Beast,,,U,,,11,19,3,10,3,60,,,,,18,12,13,2,12,7,340,311,,,,,,48,387,,25,,,,,,,
Warhorse Skeleton,0.5,Monster,Large,Undead,,,LE,,,13,22,3,10,6,60,,,,,18,12,15,2,8,5,273,,,,,,,,349,,,,,,,,,
Warrior Vampire,15,Monster,Medium,Undead,Vampire,1,LE,,,18,144,17,8,68,30,,,,,18,18,18,17,15,18,298,,,,,,,,,,,,,,,,,
Water Elemental,5,Monster,Large,Elemental,,,N,,,14,114,12,10,48,30,,,,90,18,14,18,5,10,8,125,,,,,,,49,310,,25,,,,,3:25,,
Water Elemental Myrmidon,7,Monster,Medium,Elemental,,,N,,,18,127,17,8,51,40,,,,40,18,14,15,8,10,10,,,,,,,213,,,,,,,,,,,
Water Weird,3,Monster,Large,Elemental,,,N,,,13,58,9,10,9,0,,,,60,17,16,13,11,10,10,299,,,,,,,,,,,,,36,,"3:26, 8:22",,
Weasel,0,Creature,Tiny,Beast,,,U,,,13,1,1,4,-1,30,,,,,3,16,8,2,12,3,340,,,,,,,49,387,,,,,,,,,
Werebear,5,Monster,Medium,Humanoid,Human,1,NG,,,11,135,18,8,54,40,,30,,,19,10,17,11,12,12,208,,,,,,,,329,,,,,,,,,
Wereboar,4,Monster,Medium,Humanoid,Human,1,NE,,,11,78,12,8,24,30,,,,,17,10,15,10,11,8,209,,,,,,,,330,,,,,37,,,,
Wererat,2,Monster,Medium,Humanoid,Human,1,LE,,,12,33,6,8,6,30,,,,,10,15,12,11,10,8,209,,,,,,,,330,,,,,,,,,
Weretiger,4,Monster,Medium,Humanoid,Human,1,N,,,12,120,16,8,48,30,,,,,17,15,16,10,13,11,210,,,,,,,,331,,,,,,,,,
Werewolf,3,Monster,Medium,Humanoid,Human,1,CE,,,12,58,9,8,18,30,,,,,15,13,14,10,11,10,211,,,,,,,49,331,,,,,,,,,
White Dragon Wyrmling,2,Monster,Medium,Dragon,,,CE,,,16,32,5,8,10,30,15,,60,30,14,10,14,5,10,11,102,,,,,,,,293,,,,,,,,,
Wiggan Nettlebee,2,NPC,Small,Humanoid,Halfling,,NE,4,C,11,36,8,6,8,30,,,,,8,12,12,14,15,13,,,,,,,211,,,,,,,,,,,
Wight,3,Monster,Medium,Undead,,,NE,,,14,45,6,8,18,30,,,,,15,14,16,10,13,15,300,,,,,,,50,357,,26,,5:21,,,,,
Will-o'-Wisp,2,Monster,Tiny,Undead,,,CE,,,19,22,9,4,,0,,,50,,1,28,10,13,14,11,301,,,,,,,,358,22,,,"12:29, 14:22",37,,9:51,,7:32
Windharrow,3,NPC,Medium,Humanoid,Half-Elf,,NE,8,B,15,55,10,8,10,30,,,,,10,16,12,14,10,17,,,,,,,192,,,,,,,,,,,
Winged Kobold,0.25,Monster,Small,Monstrosity,Kobold,,LE,,,13,7,3,6,-3,30,,,30,,7,16,9,8,7,8,195,,,,,,,,,22,,,"5:20, 9:30, 11:45",,,,,
Winter Wolf,3,Creature,Large,Monstrosity,,,NE,,,13,75,10,10,20,50,,,,,18,13,14,7,12,8,340,,,,,,,50,387,,,,,,,9:53,,
Wolf,0.25,Creature,Medium,Beast,,,U,,,13,11,2,8,2,40,,,,,12,15,12,3,12,6,341,311,,63,,,,50,388,,26,,1:15/31,,,,,9:26
Worg,0.5,Creature,Large,Monstrosity,,,NE,,,13,26,4,10,4,50,,,,,16,13,13,7,11,8,341,,,,,,,51,388,,,,"1:15, 9:31, 13:31",,,,,5:26
Wraith,5,Monster,Medium,Undead,,,NE,,,13,67,9,8,27,0,,,60,,6,16,16,12,14,15,302,,,,,,,,358,,27,,,,,,,7:34
Wyvern,6,Monster,Large,Dragon,,,U,,,13,110,13,10,39,20,,,80,,19,10,16,5,12,6,303,,,,,,,51,359,22,,,"10:36, 13:31",,,,,
Xaxan Thavish,1,NPC,Medium,Humanoid,Human,,LE,4,C,12,22,5,8,,30,,,,,9,14,11,17,12,11,,,,,,,,,,,,,,,,8:19,,
Xorn,5,Monster,Medium,Elemental,,,N,,,19,73,7,8,42,20,20,,,,17,10,22,11,10,11,304,,,,,,,,359,,,,,38,,,,
Yan-C-Bin,18,Monster,Huge,Elemental,,,NE,,,22,283,21,12,147,50,,,150,,18,24,24,16,21,23,,,,,,,220,,,,,,,,,,,
Yeti,3,Monster,Large,Monstrosity,,,CE,,,12,51,6,10,18,40,,40,,,18,13,16,8,12,7,305,,,,,,,51,,,,,,,,"4:27, 9:53",,
Yochlol,10,Monster,Medium,Fiend,Demon,1,CE,,,15,136,16,8,64,30,,30,,,15,14,18,13,15,15,65,,,,,,,,,,,,,,,,,
Young Black Dragon,7,Monster,Large,Dragon,,,CE,,,18,127,15,10,45,40,,,80,40,19,14,17,12,11,15,88,,,,,,,,284,,,,12:29,,,,,
Young Blue Dragon,9,Monster,Large,Dragon,,,LE,,,18,152,16,10,64,40,20,,80,,21,10,19,14,13,17,91,,,,,,,,286,,,,,,,,,
Young Brass Dragon,6,Monster,Large,Dragon,,,CG,,,17,110,13,10,39,40,20,,80,,19,10,17,12,11,15,105,,,,,,,,295,,,,,,,,,
Young Bronze Dragon,8,Monster,Large,Dragon,,,LG,,,18,142,15,10,60,40,,,80,40,21,10,19,14,13,17,108,,,,,,,,298,,,,,,,,,
Young Copper Dragon,7,Monster,Large,Dragon,,,CG,,,17,119,14,10,42,40,,40,80,,19,12,17,16,13,15,111,,,,,,,,300,,,,,,,,,
Young Gold Dragon,10,Monster,Large,Dragon,,,LG,,,18,178,17,10,85,40,,,80,40,23,14,21,16,13,20,115,,,,,,,,303,,,,,,,,,
Young Green Dragon,8,Monster,Large,Dragon,,,LE,,,18,136,16,10,48,40,,,80,40,19,12,17,16,13,15,94,,,63,,,,52,288,,,,,,,,,
Young Purple Worm,5,Monster,Large,Monstrosity,,,U,,,14,93,11,10,33,30,20,,,,18,13,17,3,10,4,,,,,,,,,,,,,11:45,,,,,
Young Red Dragon,10,Monster,Large,Dragon,,,CE,,,18,178,17,10,85,40,,40,80,,23,10,21,14,11,19,98,,,,,,,,291,,,,,38,,,,
Young Red Shadow Dragon,13,Monster,Large,Dragon,,,CE,,,18,178,17,10,85,40,,40,80,,23,10,21,14,11,19,85,,,,,,,,,,,,,,,,,
Young Remorhaz,5,Monster,Large,Monstrosity,,,U,,,14,93,11,10,33,30,20,,,,18,13,17,3,10,4,258,,,,,,,,,,,,,,,9:54,,
Young Silver Dragon,9,Monster,Large,Dragon,,,LG,,,18,168,16,10,80,40,,,80,,23,10,21,14,11,19,118,,,,,,,,306,,,,,,,,,
Young White Dragon,6,Monster,Large,Dragon,,,CE,,,17,133,14,10,56,40,20,,80,40,18,10,18,6,11,12,101,,,,,,,,293,,,,,,,,,
Yuan-Ti Abomination,7,Monster,Large,Monstrosity,Yuan-Ti,1,NE,,,15,127,15,10,45,40,,,,,19,16,17,17,15,18,308,,,,,,,,,,27,,,,,,,
Yuan-Ti Malison,3,Monster,Medium,Monstrosity,Yuan-Ti,1,NE,,,12,66,12,8,12,30,,,,,16,14,13,14,12,16,309,,,,,,,,,23,28,,,,,,,
Yuan-Ti Pureblood,1,Monster,Medium,Humanoid,Yuan-Ti,,NE,,,11,40,9,8,,30,,,,,11,12,11,13,12,14,310,,,,,,,,,23,28,,,,,,,
Zombie,0.25,Monster,Medium,Undead,,,NE,,,8,22,3,8,9,20,,,,,13,6,16,3,6,5,316,311,,63,,,,52,359,,,,"1:21, 2:25, 4:23, 5:22",,,12:22,,
